2026-09-17 15:27:19,126 [      4]   INFO - #c.i.p.i.b.AppStarter - ------------------------------------------------------ IDE STARTED ------------------------------------------------------
2026-09-17 15:27:19,128 [      6]   INFO - #c.i.p.i.b.AppStarter - skipping shell environment: the IDE is likely launched from a terminal (SHLVL=1)
2026-09-17 15:27:19,129 [      7]   INFO - #c.i.p.i.b.AppStarter - Will skip the config import to directory "/Users/snagar/notes-plugin/.intellijPlatform/sandbox/notes-plugin/AI-AI-261.26222.65.2614.16204760/config_runIde" (exists = true). Current entries: "options", "disabled_plugins.txt".
2026-09-17 15:27:19,153 [     31]   INFO - #c.i.p.i.b.AppStarter - JNA library (64-bit) loaded in 25 ms
2026-09-17 15:27:19,159 [     37]   INFO - #c.i.p.i.b.AppStarter - IDE: Android Studio (build #AI-261.26222.65.2614.16204760, Fri, 28 Aug 2026 14:05:00 GMT)
2026-09-17 15:27:19,159 [     37]   INFO - #c.i.p.i.b.AppStarter - OS: macOS (26.6.2)
2026-09-17 15:27:19,159 [     37]   INFO - #c.i.p.i.b.AppStarter - JRE: 25.0.3+-15898627-b508.16, aarch64 (JetBrains s.r.o.)
2026-09-17 15:27:19,159 [     37]   INFO - #c.i.p.i.b.AppStarter - JVM: 25.0.3+-15898627-b508.16 (OpenJDK 64-Bit Server VM)
2026-09-17 15:27:19,159 [     37]   INFO - #c.i.p.i.b.AppStarter - PID: 48613
2026-09-17 15:27:19,166 [     44]   WARN - #c.i.i.p.PluginManager - Dist index is missing or corrupted; an OLD, DEPRECATED, SOON-TO-BE-REMOVED implementation will be used
2026-09-17 15:27:19,176 [     54]   INFO - #c.i.p.i.b.AppStarter - JVM options: [-Daether.connector.resumeDownloads=false, -Dapple.awt.application.appearance=system, -Dapple.awt.fileDialogForDirectories=true, -Dapple.laf.useScreenMenuBar=true, -Dcompose.swing.render.on.graphics=true, -Dflags.configuration.level=COMPLETE, -Dflags.debug.enabled=false, -Dide.native.launcher=false, -Dide.no.platform.update=false, -Didea.auto.reload.plugins=true, -Didea.classpath.index.enabled=false, -Didea.config.path=/Users/snagar/notes-plugin/.intellijPlatform/sandbox/notes-plugin/AI-AI-261.26222.65.2614.16204760/config_runIde, -Didea.is.internal=true, -Didea.log.path=/Users/snagar/notes-plugin/.intellijPlatform/sandbox/notes-plugin/AI-AI-261.26222.65.2614.16204760/log_runIde, -Didea.paths.selector=AndroidStudio2026.1.4, -Didea.platform.prefix=AndroidStudio, -Didea.plugin.in.sandbox.mode=true, -Didea.plugins.path=/Users/snagar/notes-plugin/.intellijPlatform/sandbox/notes-plugin/AI-AI-261.26222.65.2614.16204760/plugins_runIde, -Didea.required.plugins.id=com.example.notes, -Didea.reset.classpath.from.manifest=true, -Didea.smooth.progress=false, -Didea.system.path=/Users/snagar/notes-plugin/.intellijPlatform/sandbox/notes-plugin/AI-AI-261.26222.65.2614.16204760/system_runIde, -Didea.vendor.name=Google, -Dij.startup.error.handler.class=com.intellij.platform.ide.bootstrap.StudioStartupErrorHandler, -Dintellij.console.log.level=warning, -Dintellij.platform.runtime.repository.path=/Applications/Android Studio.app/Contents/modules/module-descriptors.dat, -Dio.netty.allocator.type=pooled, -Djava.nio.file.spi.DefaultFileSystemProvider=com.intellij.platform.core.nio.fs.MultiRoutingFileSystemProvider, -Djava.system.class.loader=com.intellij.util.lang.PathClassLoader, -Djava.util.zip.use.nio.for.zip.file.access=true, -Djbr.catch.SIGABRT=true, -Djdk.attach.allowAttachSelf=true, -Djdk.http.auth.tunneling.disabledSchemes="", -Djdk.module.illegalAccess.silent=true, -Djdk.nio.maxCachedBufferSize=2097152, -Djna.boot.library.path=/Applications/Android Studio.app/Contents/lib/jna/aarch64, -Djna.noclasspath=true, -Djna.nosys=true, -Dplugin.path=/Users/snagar/notes-plugin/.intellijPlatform/sandbox/notes-plugin/AI-AI-261.26222.65.2614.16204760/plugins_runIde/notes-plugin, -Dpty4j.preferred.native.folder=/Applications/Android Studio.app/Contents/lib/pty4j, -Dskiko.library.path=/Applications/Android Studio.app/Contents/lib/skiko-awt-runtime-all, -Dskiko.rendering.useScreenMenuBar=false, -Dsplash=true, -Dsun.io.useCanonCaches=false, -Dsun.java2d.metal=true, -XX:JbrShrinkingGcMaxHeapFreeRatio=40, -XX:ReservedCodeCacheSize=512m, -XX:+HeapDumpOnOutOfMemoryError, -XX:-OmitStackTraceInFastThrow, -XX:CICompilerCount=2, -XX:+IgnoreUnrecognizedVMOptions, -XX:+UnlockDiagnosticVMOptions, -XX:TieredOldPercentage=100000, -Xbootclasspath/a:/Applications/Android Studio.app/Contents/lib/nio-fs.jar, -XX:FlightRecorderOptions=stackdepth=256, --add-opens=java.base/sun.net.www.protocol.https=ALL-UNNAMED, -XX:CompileCommand=exclude,org.jetbrains.kotlin.serialization.deserialization.TypeDeserializer::simpleType, -XX:CompileCommand=exclude,org.jetbrains.kotlin.serialization.deserialization.TypeDeserializer::toAttributes, --enable-native-access=ALL-UNNAMED, --add-opens=java.base/java.io=ALL-UNNAMED, --add-opens=java.base/java.lang=ALL-UNNAMED, --add-opens=java.base/java.lang.ref=ALL-UNNAMED, --add-opens=java.base/java.lang.reflect=ALL-UNNAMED, --add-opens=java.base/java.net=ALL-UNNAMED, --add-opens=java.base/java.nio=ALL-UNNAMED, --add-opens=java.base/java.nio.charset=ALL-UNNAMED, --add-opens=java.base/java.text=ALL-UNNAMED, --add-opens=java.base/java.time=ALL-UNNAMED, --add-opens=java.base/java.util=ALL-UNNAMED, --add-opens=java.base/java.util.concurrent=ALL-UNNAMED, --add-opens=java.base/java.util.concurrent.atomic=ALL-UNNAMED, --add-opens=java.base/java.util.concurrent.locks=ALL-UNNAMED, --add-opens=java.base/jdk.internal.ref=ALL-UNNAMED, --add-opens=java.base/jdk.internal.vm=ALL-UNNAMED, --add-opens=java.base/sun.net.dns=ALL-UNNAMED, --add-opens=java.base/sun.nio=ALL-UNNAMED, --add-opens=java.base/sun.nio.ch=ALL-UNNAMED, --add-opens=java.base/sun.nio.fs=ALL-UNNAMED, --add-opens=java.base/sun.security.ssl=ALL-UNNAMED, --add-opens=java.base/sun.security.util=ALL-UNNAMED, --add-opens=java.desktop/com.apple.eawt=ALL-UNNAMED, --add-opens=java.desktop/com.apple.eawt.event=ALL-UNNAMED, --add-opens=java.desktop/com.apple.laf=ALL-UNNAMED, --add-opens=java.desktop/com.sun.java.swing=ALL-UNNAMED, --add-opens=java.desktop/java.awt=ALL-UNNAMED, --add-opens=java.desktop/java.awt.dnd.peer=ALL-UNNAMED, --add-opens=java.desktop/java.awt.event=ALL-UNNAMED, --add-opens=java.desktop/java.awt.font=ALL-UNNAMED, --add-opens=java.desktop/java.awt.image=ALL-UNNAMED, --add-opens=java.desktop/java.awt.peer=ALL-UNNAMED, --add-opens=java.desktop/javax.swing=ALL-UNNAMED, --add-opens=java.desktop/javax.swing.plaf.basic=ALL-UNNAMED, --add-opens=java.desktop/javax.swing.text=ALL-UNNAMED, --add-opens=java.desktop/javax.swing.text.html=ALL-UNNAMED, --add-opens=java.desktop/javax.swing.text.html.parser=ALL-UNNAMED, --add-opens=java.desktop/sun.awt=ALL-UNNAMED, --add-opens=java.desktop/sun.awt.datatransfer=ALL-UNNAMED, --add-opens=java.desktop/sun.awt.image=ALL-UNNAMED, --add-opens=java.desktop/sun.font=ALL-UNNAMED, --add-opens=java.desktop/sun.java2d=ALL-UNNAMED, --add-opens=java.desktop/sun.lwawt=ALL-UNNAMED, --add-opens=java.desktop/sun.lwawt.macosx=ALL-UNNAMED, --add-opens=java.desktop/sun.swing=ALL-UNNAMED, --add-opens=java.management/sun.management=ALL-UNNAMED, --add-opens=jdk.attach/sun.tools.attach=ALL-UNNAMED, --add-opens=jdk.compiler/com.sun.tools.javac.api=ALL-UNNAMED, --add-opens=jdk.internal.jvmstat/sun.jvmstat.monitor=ALL-UNNAMED, --add-opens=jdk.jdi/com.sun.tools.jdi=ALL-UNNAMED, -Xms256m, -Xmx2048m, -Dfile.encoding=UTF-8, -Duser.country=US, -Duser.language=en, -Duser.variant, -ea]
2026-09-17 15:27:19,185 [     63]   INFO - #c.i.p.i.b.AppStarter - args: 
2026-09-17 15:27:19,185 [     63]   INFO - #c.i.p.i.b.AppStarter - library path: /Users/snagar/Library/Java/Extensions:/Library/Java/Extensions:/Network/Library/Java/Extensions:/System/Library/Java/Extensions:/usr/lib/java:.
2026-09-17 15:27:19,185 [     63]   INFO - #c.i.p.i.b.AppStarter - boot library path: /Applications/Android Studio.app/Contents/jbr/Contents/Home/lib
2026-09-17 15:27:19,185 [     63]   INFO - #c.i.p.i.b.AppStarter - locale=en_US JNU=UTF-8 file.encoding=UTF-8
    idea.home.path=/Applications/Android Studio.app/Contents
    idea.config.path=/Users/snagar/notes-plugin/.intellijPlatform/sandbox/notes-plugin/AI-AI-261.26222.65.2614.16204760/config_runIde
    idea.system.path=/Users/snagar/notes-plugin/.intellijPlatform/sandbox/notes-plugin/AI-AI-261.26222.65.2614.16204760/system_runIde
    idea.plugins.path=/Users/snagar/notes-plugin/.intellijPlatform/sandbox/notes-plugin/AI-AI-261.26222.65.2614.16204760/plugins_runIde
    idea.log.path=/Users/snagar/notes-plugin/.intellijPlatform/sandbox/notes-plugin/AI-AI-261.26222.65.2614.16204760/log_runIde
2026-09-17 15:27:19,189 [     67]   INFO - #c.i.p.i.b.AppStarter - CPU cores: 12; ForkJoinPool.commonPool: java.util.concurrent.ForkJoinPool@37ba9b42[Running, parallelism = 11, size = 0, active = 0, running = 0, steals = 0, tasks = 0, submissions = 0]; factory: com.intellij.concurrency.IdeaForkJoinWorkerThreadFactory@3a8f0cd4
2026-09-17 15:27:19,395 [    273]   INFO - #c.i.i.p.PluginManager - Ignoring cached broken plugins file from an earlier IDE build (AI-261.26222.65.__BUILD_NUMBER__)
2026-09-17 15:27:19,438 [    316]   WARN - #c.i.i.p.PluginManager - intellij.cidr.util.ui has accessibility problem which is currently ignored: it has no namespace specified and depends on module 'intellij.cidr.util' which is registered in 'com.intellij.cidr.base' plugin with internal visibility in unspecified namespace
2026-09-17 15:27:19,438 [    316]   WARN - #c.i.i.p.PluginManager - intellij.cidr.util.serializer has accessibility problem which is currently ignored: it has no namespace specified and depends on module 'intellij.cidr.util' which is registered in 'com.intellij.cidr.base' plugin with internal visibility in unspecified namespace
2026-09-17 15:27:19,439 [    317]   WARN - #c.i.i.p.PluginManager - intellij.cidr.lang.base has accessibility problem which is currently ignored: it has no namespace specified and depends on module 'intellij.cidr.core' which is registered in 'com.intellij.cidr.debugger' plugin with internal visibility in namespace 'jetbrains'
2026-09-17 15:27:19,439 [    317]   WARN - #c.i.i.p.PluginManager - intellij.cidr.lang.base has accessibility problem which is currently ignored: it has no namespace specified and depends on module 'intellij.cidr.util' which is registered in 'com.intellij.cidr.base' plugin with internal visibility in unspecified namespace
2026-09-17 15:27:19,439 [    317]   WARN - #c.i.i.p.PluginManager - intellij.cidr.projectModel has accessibility problem which is currently ignored: it has no namespace specified and depends on module 'intellij.cidr.core' which is registered in 'com.intellij.cidr.debugger' plugin with internal visibility in namespace 'jetbrains'
2026-09-17 15:27:19,439 [    317]   WARN - #c.i.i.p.PluginManager - intellij.cidr.projectModel has accessibility problem which is currently ignored: it has no namespace specified and depends on module 'intellij.cidr.util' which is registered in 'com.intellij.cidr.base' plugin with internal visibility in unspecified namespace
2026-09-17 15:27:19,439 [    317]   WARN - #c.i.i.p.PluginManager - intellij.cidr.projectModel has accessibility problem which is currently ignored: it has no namespace specified and depends on module 'intellij.cidr.util.serializer' which is registered in 'com.intellij.cidr.base' plugin with internal visibility in unspecified namespace
2026-09-17 15:27:19,439 [    317]   WARN - #c.i.i.p.PluginManager - intellij.cidr.workspaceModel has accessibility problem which is currently ignored: it has no namespace specified and depends on module 'intellij.cidr.core' which is registered in 'com.intellij.cidr.debugger' plugin with internal visibility in namespace 'jetbrains'
2026-09-17 15:27:19,440 [    318]   WARN - #c.i.i.p.PluginManager - intellij.cidr.workspaceModel has accessibility problem which is currently ignored: it has no namespace specified and depends on module 'intellij.cidr.util' which is registered in 'com.intellij.cidr.base' plugin with internal visibility in unspecified namespace
2026-09-17 15:27:19,440 [    318]   WARN - #c.i.i.p.PluginManager - intellij.cidr.execution has accessibility problem which is currently ignored: it has no namespace specified and depends on module 'intellij.cidr.core' which is registered in 'com.intellij.cidr.debugger' plugin with internal visibility in namespace 'jetbrains'
2026-09-17 15:27:19,440 [    318]   WARN - #c.i.i.p.PluginManager - intellij.cidr.execution has accessibility problem which is currently ignored: it has no namespace specified and depends on module 'intellij.cidr.util' which is registered in 'com.intellij.cidr.base' plugin with internal visibility in unspecified namespace
2026-09-17 15:27:19,440 [    318]   WARN - #c.i.i.p.PluginManager - intellij.cidr.execution has accessibility problem which is currently ignored: it has no namespace specified and depends on module 'intellij.cidr.util.ui' which is registered in 'com.intellij.cidr.base' plugin with internal visibility in unspecified namespace
2026-09-17 15:27:19,441 [    319]   WARN - #c.i.i.p.PluginManager - intellij.c.core has accessibility problem which is currently ignored: it is from namespace 'jetbrains' and depends on module 'intellij.cidr.util' which is registered in 'com.intellij.cidr.base' plugin with internal visibility in unspecified namespace
2026-09-17 15:27:19,441 [    319]   WARN - #c.i.i.p.PluginManager - intellij.c.core has accessibility problem which is currently ignored: it is from namespace 'jetbrains' and depends on module 'intellij.cidr.util.serializer' which is registered in 'com.intellij.cidr.base' plugin with internal visibility in unspecified namespace
2026-09-17 15:27:19,441 [    319]   WARN - #c.i.i.p.PluginManager - intellij.c.testing has accessibility problem which is currently ignored: it is from namespace 'jetbrains' and depends on module 'intellij.cidr.util.serializer' which is registered in 'com.intellij.cidr.base' plugin with internal visibility in unspecified namespace
2026-09-17 15:27:19,441 [    319]   WARN - #c.i.i.p.PluginManager - intellij.cidr.clangd.core has accessibility problem which is currently ignored: it is from namespace 'jetbrains' and depends on module 'intellij.cidr.util' which is registered in 'com.intellij.cidr.base' plugin with internal visibility in unspecified namespace
2026-09-17 15:27:19,441 [    319]   WARN - #c.i.i.p.PluginManager - intellij.cidr.clangd.core has accessibility problem which is currently ignored: it is from namespace 'jetbrains' and depends on module 'intellij.cidr.util.serializer' which is registered in 'com.intellij.cidr.base' plugin with internal visibility in unspecified namespace
2026-09-17 15:27:19,442 [    320]   WARN - #c.i.i.p.PluginManager - intellij.cidr.clangFormat.common has accessibility problem which is currently ignored: it has no namespace specified and depends on module 'intellij.cidr.clangd.core' which is registered in 'com.intellij.cidr.lang.clangd' plugin with internal visibility in namespace 'jetbrains'
2026-09-17 15:27:19,442 [    320]   WARN - #c.i.i.p.PluginManager - intellij.cidr.clangFormat.common has accessibility problem which is currently ignored: it has no namespace specified and depends on module 'intellij.cidr.util' which is registered in 'com.intellij.cidr.base' plugin with internal visibility in unspecified namespace
2026-09-17 15:27:19,442 [    320]   WARN - #c.i.i.p.PluginManager - intellij.cidr.clangFormat.common has accessibility problem which is currently ignored: it has no namespace specified and depends on module 'intellij.platform.core.impl' which is registered in 'com.intellij' plugin with internal visibility in namespace 'jetbrains'
2026-09-17 15:27:19,442 [    320]   WARN - #c.i.i.p.PluginManager - intellij.cidr.clangFormat.schema has accessibility problem which is currently ignored: it has no namespace specified and depends on module 'intellij.cidr.clangFormat.common' which is registered in 'com.intellij.cidr.base' plugin with internal visibility in unspecified namespace
2026-09-17 15:27:19,442 [    320]   WARN - #c.i.i.p.PluginManager - intellij.cidr.clangd.clangFormat has accessibility problem which is currently ignored: it is from namespace 'jetbrains' and depends on module 'intellij.cidr.clangFormat.common' which is registered in 'com.intellij.cidr.base' plugin with internal visibility in unspecified namespace
2026-09-17 15:27:19,443 [    321]   WARN - #c.i.i.p.PluginManager - intellij.cidr.clangd.legacyBridge has accessibility problem which is currently ignored: it is from namespace 'jetbrains' and depends on module 'intellij.cidr.util' which is registered in 'com.intellij.cidr.base' plugin with internal visibility in unspecified namespace
2026-09-17 15:27:19,443 [    321]   WARN - #c.i.i.p.PluginManager - org.jetbrains.android has accessibility problem which is currently ignored: it has no namespace specified and depends on module 'intellij.libraries.grpc.netty.shaded' which is registered in 'com.intellij' plugin with internal visibility in namespace 'jetbrains'
2026-09-17 15:27:19,443 [    321]   WARN - #c.i.i.p.PluginManager - org.jetbrains.android has accessibility problem which is currently ignored: it has no namespace specified and depends on module 'intellij.settingsSync.core' which is registered in 'com.intellij' plugin with internal visibility in namespace 'jetbrains'
2026-09-17 15:27:19,443 [    321]   WARN - #c.i.i.p.PluginManager - org.jetbrains.android has accessibility problem which is currently ignored: it depends on module 'intellij.java.debugger.impl.backend' which private visibility in 'com.intellij.java' plugin
2026-09-17 15:27:19,443 [    321]   WARN - #c.i.i.p.PluginManager - org.jetbrains.android has accessibility problem which is currently ignored: it has no namespace specified and depends on module 'intellij.platform.debugger.impl.frontend' which is registered in 'com.intellij' plugin with internal visibility in namespace 'jetbrains'
2026-09-17 15:27:19,443 [    321]   WARN - #c.i.i.p.PluginManager - org.jetbrains.android has accessibility problem which is currently ignored: it has no namespace specified and depends on module 'intellij.platform.diagnostic.freezeAnalyzer' which is registered in 'com.intellij' plugin with internal visibility in namespace 'jetbrains'
2026-09-17 15:27:19,443 [    321]   WARN - #c.i.i.p.PluginManager - org.jetbrains.android has accessibility problem which is currently ignored: it depends on module 'intellij.java.debugger.impl.frontend' which private visibility in 'com.intellij.java' plugin
2026-09-17 15:27:19,443 [    321]   WARN - #c.i.i.p.PluginManager - org.jetbrains.android has accessibility problem which is currently ignored: it depends on module 'intellij.platform.images.xdebugger' which private visibility in 'com.intellij.platform.images' plugin
2026-09-17 15:27:19,443 [    321]   WARN - #c.i.i.p.PluginManager - org.jetbrains.android has accessibility problem which is currently ignored: it has no namespace specified and depends on module 'intellij.platform.debugger.impl.backend' which is registered in 'com.intellij' plugin with internal visibility in namespace 'jetbrains'
2026-09-17 15:27:19,443 [    321]   WARN - #c.i.i.p.PluginManager - androidx.compose.plugins.idea has accessibility problem which is currently ignored: it depends on module 'intellij.compose.ide.plugin.gradleTooling.rt' which private visibility in 'com.intellij.compose' plugin
2026-09-17 15:27:19,443 [    321]   WARN - #c.i.i.p.PluginManager - androidx.compose.plugins.idea has accessibility problem which is currently ignored: it depends on module 'intellij.compose.ide.plugin.shared' which private visibility in 'com.intellij.compose' plugin
2026-09-17 15:27:19,443 [    321]   WARN - #c.i.i.p.PluginManager - com.android.tools.ndk has accessibility problem which is currently ignored: it has no namespace specified and depends on module 'intellij.c.debugger' which is registered in 'com.intellij.cidr.lang' plugin with internal visibility in namespace 'jetbrains'
2026-09-17 15:27:19,443 [    321]   WARN - #c.i.i.p.PluginManager - com.android.tools.ndk has accessibility problem which is currently ignored: it has no namespace specified and depends on module 'intellij.cidr.clangd.core' which is registered in 'com.intellij.cidr.lang.clangd' plugin with internal visibility in namespace 'jetbrains'
2026-09-17 15:27:19,443 [    321]   WARN - #c.i.i.p.PluginManager - com.google.services.firebase has accessibility problem which is currently ignored: it has no namespace specified and depends on module 'intellij.libraries.grpc.netty.shaded' which is registered in 'com.intellij' plugin with internal visibility in namespace 'jetbrains'
2026-09-17 15:27:19,444 [    322]   WARN - #c.i.i.p.PluginManager - com.google.tools.ij.aiplugin has accessibility problem which is currently ignored: it has no namespace specified and depends on module 'intellij.libraries.grpc.netty.shaded' which is registered in 'com.intellij' plugin with internal visibility in namespace 'jetbrains'
2026-09-17 15:27:19,444 [    322]   WARN - #c.i.i.p.PluginManager - com.google.gct.directaccess has accessibility problem which is currently ignored: it has no namespace specified and depends on module 'intellij.libraries.grpc.netty.shaded' which is registered in 'com.intellij' plugin with internal visibility in namespace 'jetbrains'
2026-09-17 15:27:19,444 [    322]   INFO - #c.i.i.p.PluginManager - Plugin set resolution:
Module intellij.sh.python is not enabled because dependency com.intellij.modules.python is not available
Module intellij.xml.langInjection.xpath is not enabled because dependency XPathView is not available
Module intellij.compose.ide.plugin.k1 is not enabled because dependency com.intellij.modules.kotlin.k1 is not available
Module intellij.kotlin.maven is not enabled because dependency org.jetbrains.idea.maven is not available
Module intellij.kotlin.compilerPlugins.support.maven is not enabled because dependency intellij.kotlin.maven is not available
Module intellij.kotlin.compilerPlugins.assignment.maven is not enabled because dependency intellij.kotlin.maven is not available
Module intellij.kotlin.compilerPlugins.lombok.maven is not enabled because dependency intellij.kotlin.maven is not available
Module intellij.kotlin.compilerPlugins.dataframe.maven is not enabled because dependency intellij.kotlin.maven is not available
Module intellij.kotlin.compilerPlugins.serialization.maven is not enabled because dependency intellij.kotlin.maven is not available
Module intellij.kotlin.compilerPlugins.samWithReceiver.maven is not enabled because dependency intellij.kotlin.maven is not available
Module intellij.kotlin.compilerPlugins.noarg.maven is not enabled because dependency intellij.kotlin.maven is not available
Module intellij.kotlin.compilerPlugins.allopen.maven is not enabled because dependency intellij.kotlin.maven is not available
Module intellij.kotlin.onboarding.maven is not enabled because dependency intellij.kotlin.maven is not available
Module intellij.java.promo is not enabled because dependency com.intellij.modules.idea.community is not available
Module intellij.java.featuresTrainer is not enabled because dependency training is not available
Module intellij.java.ide.customization.training is not enabled because dependency intellij.java.featuresTrainer is not available
Module intellij.kotlin.featuresTrainer is not enabled because dependency intellij.java.featuresTrainer is not available
Module intellij.groovy.byteCodeViewer is not enabled because dependency ByteCodeViewer is not available
Module intellij.groovy.ant is not enabled because dependency AntSupport is not available
Module intellij.kotlin.projectWizard.maven is not enabled because dependency org.jetbrains.idea.maven is not available
Module intellij.gradle.java.performance is not enabled because dependency org.jetbrains.idea.maven is not available
2026-09-17 15:27:19,468 [    346]   INFO - #c.i.p.i.b.AppStarter - Loaded bundled plugins: IDEA CORE (261.26222.65), C/C++ Language Support via Classic Engine (261.26222.65.2614.16204760), CIDR Base (261.26222.65.2614.16204760), DevKit Runtime (261.26222.65.2614.16204760), YAML (261.26222.65.2614.16204760), TextMate Bundles (261.26222.65.2614.16204760), Properties (261.26222.65.2614.16204760), JSON (261.26222.65.2614.16204760), Performance Testing (261.26222.65.2614.16204760), Java (261.26222.65.2614.16204760), Terminal (261.26222.65.2614.16204760), Gradle (261.26222.65.2614.16204760), Shell Script (261.26222.65.2614.16204760), CIDR Debugger (261.26222.65.2614.16204760), Markdown (261.26222.65.2614.16204760), Toml (261.26222.65.2614.16204760), Natural Languages (261.26222.65.2614.16204760), Git (261.26222.65.2614.16204760), Copyright (261.26222.65.2614.16204760), Mercurial (261.26222.65.2614.16204760), Modal Commit Interface (261.26222.65.2614.16204760), Configuration Script (261.26222.65.2614.16204760), Machine Learning Code Completion (261.26222.65.2614.16204760), EditorConfig (261.26222.65.2614.16204760), Groovy Live Templates (261.26222.65.2614.16204760), Visual Studio Keymap (261.26222.65.2614.16204760), NetBeans Keymap (261.26222.65.2614.16204760), WebP Support (261.26222.65.2614.16204760), Eclipse Keymap (261.26222.65.2614.16204760), GitHub (261.26222.65.2614.16204760), GitLab (261.26222.65.2614.16204760), Images (261.26222.65.2614.16204760), Java Stream Debugger (261.26222.65.2614.16204760), Compose Multiplatform (261.26222.65.2614.16204760), Kotlin (261.26222.65.2614.16204760-AS), Java IDE Customization (261.26222.65.2614.16204760), Smali Support (261.26222.65.2614.16204760), Java Internationalization (261.26222.65.2614.16204760), TestNG (261.26222.65.2614.16204760), JUnit (261.26222.65.2614.16204760), Groovy (261.26222.65.2614.16204760), Code Coverage for Java (261.26222.65.2614.16204760), Java Bytecode Decompiler (261.26222.65.2614.16204760), Gradle for Java (261.26222.65.2614.16204760), Clangd Support (261.26222.65.2614.16204760), HTML Tools (261.26222.65.2614.16204760), Task Management (261.26222.65.2614.16204760), Artifacts Repository Search (261.26222.65.2614.16204760), Gradle Declarative Support (261.26222.65.2614.16204760), Gradle DSL Parser Support (261.26222.65.2614.16204760), Android (261.26222.65.2614.16204760), Jetpack Compose (261.26222.65.2614.16204760), App Links Assistant (261.26222.65.2614.16204760), Android APK Support (261.26222.65.2614.16204760), Android Design Tools (261.26222.65.2614.16204760), Lightbuild (261.26222.65.2614.16204760), Android NDK Support (261.26222.65.2614.16204760), Test Recorder (261.26222.65.2614.16204760), Firebase Services (261.26222.65.2614.16204760), Gemini (261.26222.65.2614.16204760), App Links Assistant AI (261.26222.65.2614.16204760), Lightbuild AI Plugin (261.26222.65.2614.16204760), Device Streaming (261.26222.65.2614.16204760), Android SDK Upgrade Assistant (261.26222.65.2614.16204760), GMD Code Completion (261.26222.65.2614.16204760), Git for App Insights (261.26222.65.2614.16204760)
2026-09-17 15:27:19,469 [    347]   INFO - #c.i.p.i.b.AppStarter - Loaded custom plugins: Notes (1.0.0)
2026-09-17 15:27:19,490 [    368]   WARN - #c.i.p.instanceContainer - InstanceNotOverridableException: Override failed for com.intellij.openapi.project.impl.ProjectStoreFactory: com.intellij.configurationScript.providers.ConfigurationScriptProjectStoreFactory attempts to override com.intellij.configurationStore.PlatformLangProjectStoreFactory, but the existing implementation is not overriddable (not declared as 'open=true')
2026-09-17 15:27:19,498 [    376]   WARN - #c.i.p.instanceContainer - InstanceNotOverridableException: Override failed for com.intellij.openapi.application.IdeUrlTrackingParametersProvider: com.intellij.openapi.application.IdeUrlTrackingParametersProvider attempts to override com.intellij.ide.customization.UtmIdeUrlTrackingParametersProvider, but the existing implementation is not overriddable (not declared as 'open=true')
2026-09-17 15:27:19,595 [    473]   INFO - #c.i.u.i.PageCacheUtils - File page caching params:
	DEFAULT_PAGE_SIZE: 10485760
	Direct memory to use, max: 2126512128
	FilePageCache: regular
	Regular FilePageCache: 629145600 bytes
	DirectByteBuffers pool: 104857600 bytes
2026-09-17 15:27:19,610 [    488]   INFO - #c.i.p.e.i.f.EelMultiRoutingFileSystemBackendInitializationService - Eel MultiRoutingFileSystem backend is initialized
2026-09-17 15:27:19,624 [    502]   INFO - #c.i.a.o.PathMacrosImpl - Loaded path macros: {}
2026-09-17 15:27:19,635 [    513]   INFO - #c.i.o.v.n.i.VfsData - Use SoftReference in VFS cache: true
2026-09-17 15:27:19,648 [    526]   INFO - #c.i.l.LocalizationStateServiceImpl - [i18n] Localization property from registry is null
2026-09-17 15:27:19,653 [    531]   INFO - c.i.o.u.r.overrides - Plugin org.jetbrains.android overrides the registry key debugger.preload.types.hierarchy declared by plugin com.intellij.java (intellij.java.debugger.impl.xml).
2026-09-17 15:27:19,653 [    531]   INFO - c.i.o.u.r.overrides - Plugin org.jetbrains.android overrides the registry key debugger.emulate.method.breakpoints declared by plugin com.intellij.java (intellij.java.debugger.impl.xml).
2026-09-17 15:27:19,653 [    531]   INFO - c.i.o.u.r.overrides - Plugin org.jetbrains.android (android-plugin-androidstudio.xml) overrides the registry key platform.feedback declared by plugin com.intellij.
2026-09-17 15:27:19,653 [    531]   INFO - c.i.o.u.r.overrides - Plugin org.jetbrains.android (project-system-gradle-plugin-androidstudio.xml) overrides the registry key unknown.sdk declared by plugin com.intellij.
2026-09-17 15:27:19,653 [    531]   INFO - c.i.o.u.r.overrides - Plugin org.jetbrains.android (project-system-gradle-plugin-androidstudio.xml) overrides the registry key unknown.sdk.auto declared by plugin com.intellij.
2026-09-17 15:27:19,653 [    531]   INFO - c.i.o.u.r.overrides - Plugin org.jetbrains.android (project-system-gradle-plugin-androidstudio.xml) overrides the registry key unknown.sdk.modal.jps declared by plugin com.intellij.
2026-09-17 15:27:19,654 [    532]   INFO - c.i.o.u.r.overrides - Plugin org.jetbrains.android (project-system-gradle-plugin-androidstudio.xml) overrides the registry key unknown.sdk.show.editor.actions declared by plugin com.intellij.
2026-09-17 15:27:19,654 [    532]   INFO - c.i.o.u.r.overrides - Plugin org.jetbrains.android (project-system-gradle-plugin-androidstudio.xml) overrides the registry key gradle.phased.sync.enabled declared by plugin com.intellij.gradle (intellij.gradle.xml).
2026-09-17 15:27:19,654 [    532]   INFO - c.i.o.u.r.overrides - Plugin org.jetbrains.android (project-system-gradle-plugin-androidstudio.xml) overrides the registry key gradle.daemon.jvm.criteria.new.project declared by plugin com.intellij.gradle (intellij.gradle.xml).
2026-09-17 15:27:19,654 [    532]   INFO - c.i.o.u.r.overrides - Plugin org.jetbrains.android (project-system-gradle-plugin-androidstudio.xml) overrides the registry key gradle.daemon.jvm.criteria.suggest.migration declared by plugin org.jetbrains.kotlin (kotlin.gradle.gradle-java.xml).
2026-09-17 15:27:19,700 [    578]   INFO - #c.i.o.v.n.p.PersistentFSLoader - VFS uses names enumerator over mmapped file
2026-09-17 15:27:19,702 [    580]   INFO - #c.i.o.v.n.p.PersistentFSLoader - VFS uses streamlined attributes storage (over mmapped file)
2026-09-17 15:27:19,703 [    581]   INFO - #c.i.o.v.n.p.PersistentFSLoader - VFS uses OverMMappedFile(pageSize=67108864, acquireStorageOwnership=true) storage for main file records table
2026-09-17 15:27:19,703 [    581]   INFO - #c.i.o.v.n.p.PersistentFSLoader - VFS uses content storage over memory-mapped file, with compression algo: LZ4[ > 8000b ]
2026-09-17 15:27:19,734 [    612]   INFO - #c.i.u.m.s.Menu - use new ScreenMenuBar implementation
2026-09-17 15:27:19,751 [    629]   INFO - #c.i.i.p.ExpiredPluginsState - Plugins to skip: []
2026-09-17 15:27:19,779 [    657]   INFO - #c.i.o.u.LowMemoryWatcherManager - Use ExponentiallySmoothingTracker(90000 ms)
2026-09-17 15:27:19,823 [    701]   INFO - #c.i.o.u.LowMemoryWatcherManager - Subscribing to MemoryPool[G1 Old Gen]{max: 2147483648, threshold: 2040109440 (0.95 * max)}
2026-09-17 15:27:19,823 [    701]   INFO - #c.i.o.u.LowMemoryWatcherManager - Schedule GC-time updating: each 15000ms
2026-09-17 15:27:19,911 [    789]   INFO - #c.i.u.i.HttpRequests - Application is not initialized yet; Using default SSL configuration to connect to https://plugins.jetbrains.com/files/pluginsXMLIds.json
2026-09-17 15:27:19,947 [    825]   WARN - #c.i.o.a.Application - No URL bundle (CFBundleURLTypes) is defined in the main bundle.
To be able to open external links, specify protocols in the app layout section of the build file.
Example: args.urlSchemes = ["your-protocol"] will handle following links: your-protocol://open?file=file&line=line
2026-09-17 15:27:19,950 [    828]   INFO - #c.i.p.k.b.BackendKernelServiceKt - Backend started Kernel
2026-09-17 15:27:19,979 [    857]   INFO - #c.i.o.v.n.p.PersistentFSLoader - VFS: impl (expected) version=65, 0 file records, 0 content blobs
2026-09-17 15:27:19,981 [    859]   INFO - #c.i.o.v.n.p.FSRecordsImpl - VFS initialized: 289 ms, 0 failed attempts, 0 error(s) were recovered
2026-09-17 15:27:19,982 [    860]   INFO - #c.i.o.v.n.p.FSRecordsImpl - VFS scanned: file-by-name index was populated
2026-09-17 15:27:19,991 [    869]   INFO - #c.i.o.v.n.p.PersistentFSImpl - VFS.MAX_FILE_LENGTH_TO_CACHE: 1048576
2026-09-17 15:27:20,014 [    892]   INFO - #c.i.h.u.LocalHistoryLog - local history version mismatch (was: 0, expected: 7), rebuilding...
2026-09-17 15:27:20,014 [    892]   INFO - #c.i.h.u.LocalHistoryLog - FS has been rebuild, rebuilding local history...
2026-09-17 15:27:20,025 [    903]   INFO - #c.i.u.n.s.CertificateManager - Default SSL context initialized
2026-09-17 15:27:20,037 [    915]   INFO - #c.i.o.v.i.l.NativeFileWatcherImpl - Starting file watcher: /Applications/Android Studio.app/Contents/bin/fsnotifier
2026-09-17 15:27:20,044 [    922]   INFO - #c.i.c.CompilerWorkspaceConfiguration - Available processors: 12
2026-09-17 15:27:20,076 [    954]   WARN - #c.i.p.instanceContainer - InstanceNotOverridableException: Override failed for com.intellij.openapi.roots.ui.configuration.ProjectSettingsService: com.android.tools.idea.gradle.structure.AndroidProjectSettingsServiceImpl attempts to override com.intellij.openapi.roots.ui.configuration.IdeaProjectSettingsService, but the existing implementation is not overriddable (not declared as 'open=true')
2026-09-17 15:27:20,083 [    961]   INFO - #com.android.studio.ml.onboarding.common.v2.StudioModelsOnboardingControllerImpl$Companion - StudioModelsOnboardingControllerImpl initialized
2026-09-17 15:27:20,093 [    971]   INFO - #c.i.u.i.HttpRequests - Application is not initialized yet; Using default SSL configuration to connect to https://edgedl.me.gvt1.com/edgedl/dac/kb_indexed/v1.zip
2026-09-17 15:27:20,115 [    993]   INFO - #c.i.u.i.c.d.IndexWriter - Use com.intellij.util.indexing.contentQueue.dev.MultiThreadedWithSuspendIndexWriter@42a8a278 as (parallel) index writer implementation
2026-09-17 15:27:20,127 [   1005]   INFO - #c.i.u.i.i.SlruIndexStorageCacheProvider - SLRU cache will be used for indexes
2026-09-17 15:27:20,127 [   1005]   INFO - #c.i.u.i.i.MapIndexStorageCacheProvider$Companion - Default index storage cache provider [com.intellij.util.indexing.impl.SlruIndexStorageCacheProvider@22ae587b] is used
2026-09-17 15:27:20,130 [   1008]   INFO - #c.i.u.i.FileBasedIndexImpl - Loading indexes
2026-09-17 15:27:20,203 [   1081]   INFO - #c.i.o.a.ActionManager - Re-registering action stub for CompileDirty as CompileDirty_renamedStub_1492946476
2026-09-17 15:27:20,204 [   1082]   INFO - #c.i.o.a.ActionManager - Re-registering action stub for MakeModule as MakeModule_renamedStub_895230830
2026-09-17 15:27:20,204 [   1082]   INFO - #c.i.o.a.ActionManager - Re-registering action stub for CompileProject as CompileProject_renamedStub_2041838864
2026-09-17 15:27:20,205 [   1083]   INFO - #c.i.o.a.ActionManager - Re-registering action stub for Compile as Compile_renamedStub_24136082
2026-09-17 15:27:20,205 [   1083]   INFO - #c.i.o.a.ActionManager - Re-registering action stub for Build as Build_renamedStub_1796627606
2026-09-17 15:27:20,205 [   1083]   INFO - #c.i.o.a.ActionManager - Re-registering action stub for CompileFile as CompileFile_renamedStub_1166186082
2026-09-17 15:27:20,265 [   1143]   INFO - com.android.cliserver.CliServer - Server started, listening on localhost/127.0.0.1:62742
2026-09-17 15:27:20,376 [   1254]   INFO - #c.i.o.v.i.l.NativeFileWatcherImpl - Native file watcher is operational.
2026-09-17 15:27:20,380 [   1258]   INFO - #com.android.studio.ml.onboarding.common.v2.StudioModelsOnboardingControllerImpl$Companion - Auth state changed: AuthState.LoggedOut(isAuthorized=false)
2026-09-17 15:27:20,417 [   1295]   INFO - c.i.p.i.IdeFingerprint - Calculated dependencies fingerprint in 856 ms (hash=324denhmbhy56, buildTime=1787925900, appVersion=AI-261.26222.65.2614.16204760)
2026-09-17 15:27:20,442 [   1320]   INFO - #c.i.f.n.TrigramIndexFilter - Filter exclude extensions is enabled: CustomizableExcludeExtensions([com.intellij.java.JavaLibrarySourcesExcludingIndexFilterExtension@6a631082])
2026-09-17 15:27:20,765 [   1643]   WARN - #c.i.o.v.i.l.NativeFileWatcherImpl - Watcher terminated with exit code 143
2026-09-17 15:27:20,766 [   1644]   INFO - #c.i.o.v.i.l.NativeFileWatcherImpl - Starting file watcher: /Applications/Android Studio.app/Contents/bin/fsnotifier
2026-09-17 15:27:20,869 [   1747]   WARN - com.google.aiplugin.lucene.internal.vectorization.VectorizationProvider - Java vector incubator module is not readable. For optimal vector performance, pass '--add-modules jdk.incubator.vector' to enable Vector API.
2026-09-17 15:27:20,906 [   1784]   INFO - #c.i.u.i.FileBasedIndexImpl - Indices to be built:html5.custom.attributes.index(v = 1),com.google.aiplugin.rag.crawler(v = 3),FrameworkDetectionIndex(v = 65536),android.ndk.jni.nativemethodindex(v = 4),DomFileIndex(v = 0),org.jetbrains.kotlin.idea.vfilefinder.KotlinMetadataFileIndex(v = 2),editorconfig.index.name(v = 5),org.jetbrains.kotlin.idea.vfilefinder.KotlinPartialPackageNamesIndex(v = 5),java.null.method.argument(v = 1),HtmlTagIdIndex(v = 3),java.fun.expression(v = 6),KotlinPackageSourcesMemberNamesIndex(v = 2),KotlinBinaryRootToPackageIndex(v = 7),org.jetbrains.kotlin.idea.vfilefinder.KotlinStdlibIndex(v = 2),com.android.tools.idea.dagger.index.DaggerIndex(v = 4),java.auto.module.name(v = 6),org.jetbrains.kotlin.idea.vfilefinder.KotlinClassFileIndex(v = 3),clang.format.lightIndex(v = 0),org.jetbrains.kotlin.idea.vfilefinder.KotlinJvmModuleAnnotationsIndex(v = 1),KotlinTopLevelCallableByPackageShortNameIndex(v = 3),fileIncludes(v = 6),KotlinTopLevelClassLikeDeclarationByPackageShortNameIndex(v = 3),com.google.aiplugin.rag.bm25.lucindex(v = 1),org.jetbrains.kotlin.idea.vfilefinder.KotlinJavaScriptMetaFileIndex(v = 4),XmlTagNames(v = 1),Trigram.Index(v = 4),org.jetbrains.kotlin.idea.vfilefinder.KlibMetaFileIndex(v = 4),org.jetbrains.kotlin.idea.vfilefinder.KotlinBuiltInsMetadataIndex(v = 4),Stubs(v = 46),json.file.root.values(v = 5),org.jetbrains.kotlin.idea.versions.KotlinJvmMetadataVersionIndex(v = 5),NavXmlIndex(v = 12),FileNameWithoutExtensionIndex(v = 1),BindingXmlIndex(v = 12),IdIndex(v = 22),com.android.tools.idea.model.AndroidManifestIndex.NAME(v = 13),org.jetbrains.kotlin.idea.vfilefinder.KotlinModuleMappingIndex(v = 5),TodoIndex(v = 13),java.binary.plus.expression(v = 4),xmlProperties(v = 2),XmlNamespaces(v = 8),bytecodeAnalysis(v = 11),filetypes(v = 4096),org.jetbrains.kotlin.idea.vfilefinder.KotlinMetadataFilePackageIndex(v = 2),java.source.module.name(v = 4),org.jetbrains.kotlin.idea.versions.KotlinJsMetadataVersionIndex(v = 3),RelaxSymbolIndex(v = 0),FilenameIndex(v = 258),SchemaTypeInheritance(v = 2)
2026-09-17 15:27:20,906 [   1784]   INFO - #c.i.u.i.FileBasedIndexImpl - Using simple flusher for indexes
2026-09-17 15:27:20,909 [   1787]   INFO - #c.i.u.i.IndexDataInitializer - Index data initialization done: 773 ms. Initialized indexes: [FilenameIndex, filetypes, Trigram.Index, html5.custom.attributes.index, RelaxSymbolIndex, SchemaTypeInheritance, XmlNamespaces, XmlTagNames, TodoIndex, DomFileIndex, json.file.root.values, java.source.module.name, FrameworkDetectionIndex, java.auto.module.name, xmlProperties, editorconfig.index.name, IdIndex, java.null.method.argument, fileIncludes, java.fun.expression, org.jetbrains.kotlin.idea.vfilefinder.KotlinPartialPackageNamesIndex, Stubs, org.jetbrains.kotlin.idea.versions.KotlinJvmMetadataVersionIndex, java.binary.plus.expression, org.jetbrains.kotlin.idea.versions.KotlinJsMetadataVersionIndex, bytecodeAnalysis, org.jetbrains.kotlin.idea.vfilefinder.KotlinMetadataFileIndex, org.jetbrains.kotlin.idea.vfilefinder.KotlinClassFileIndex, org.jetbrains.kotlin.idea.vfilefinder.KotlinJavaScriptMetaFileIndex, org.jetbrains.kotlin.idea.vfilefinder.KotlinMetadataFilePackageIndex, org.jetbrains.kotlin.idea.vfilefinder.KotlinModuleMappingIndex, KotlinPackageSourcesMemberNamesIndex, org.jetbrains.kotlin.idea.vfilefinder.KotlinBuiltInsMetadataIndex, org.jetbrains.kotlin.idea.vfilefinder.KotlinStdlibIndex, org.jetbrains.kotlin.idea.vfilefinder.KotlinJvmModuleAnnotationsIndex, FileNameWithoutExtensionIndex, clang.format.lightIndex, org.jetbrains.kotlin.idea.vfilefinder.KlibMetaFileIndex, BindingXmlIndex, KotlinTopLevelClassLikeDeclarationByPackageShortNameIndex, KotlinTopLevelCallableByPackageShortNameIndex, KotlinBinaryRootToPackageIndex, NavXmlIndex, com.android.tools.idea.model.AndroidManifestIndex.NAME, HtmlTagIdIndex, com.google.aiplugin.rag.crawler, android.ndk.jni.nativemethodindex, com.android.tools.idea.dagger.index.DaggerIndex, com.google.aiplugin.rag.bm25.lucindex].
2026-09-17 15:27:21,056 [   1934]   INFO - #c.i.i.p.m.MarketplaceRequests - Error reading Marketplace file: javax.net.ssl.SSLHandshakeException: (certificate_unknown) PKIX path building failed: sun.security.provider.certpath.SunCertPathBuilderException: unable to find valid certification path to requested target (file=/Users/snagar/notes-plugin/.intellijPlatform/sandbox/notes-plugin/AI-AI-261.26222.65.2614.16204760/system_runIde/plugins/pluginsXMLIds.json URL=https://plugins.jetbrains.com/files/pluginsXMLIds.json)
2026-09-17 15:27:21,056 [   1934]   INFO - #c.i.i.p.m.MarketplaceRequests - Cannot get plugins from Marketplace: (certificate_unknown) PKIX path building failed: sun.security.provider.certpath.SunCertPathBuilderException: unable to find valid certification path to requested target
2026-09-17 15:27:21,162 [   2040]   INFO - #c.i.p.s.StubIndexImpl - Following stub indices will be built:java.unnamed.class(v = 2),KotlinTopLevelExtensionsByReceiverTypeIndex(v = 4),properties.index(v = 2),gr.annot.members(v = 5),org.jetbrains.kotlin.idea.stubindex.KotlinFunctionShortNameIndex(v = 3),KotlinTopLevelExpectFunctionFqNameIndex(v = 2),kotlin.primeIndexKey(v = 2),gr.anonymous.class(v = 6),gr.annot.method.name(v = 5),KotlinTopLevelPropertyByPackageIndex(v = 2),gr.method.name(v = 5),java.class.fqn(v = 1),java.method.name(v = 2),gr.class.fqn.s(v = 5),org.jetbrains.kotlin.idea.stubindex.KotlinTopLevelTypeAliasFqNameIndex(v = 2),jvm.static.member.type(v = 2),jvm.static.member.name(v = 2),KotlinTopLevelTypeAliasByPackageIndex(v = 2),KotlinOverridableInternalMembersShortNameIndex(v = 2),org.jetbrains.kotlin.idea.stubindex.KotlinInnerTypeAliasClassIdIndex(v = 2),KotlinFileFacadeClassByPackageIndex(v = 2),java.class.shortname(v = 4),java.class.extlist(v = 3),java.field.name(v = 2),org.jetbrains.kotlin.idea.stubindex.KotlinAnnotationsIndex(v = 3),org.jetbrains.kotlin.idea.stubindex.KotlinFilePartClassIndex(v = 2),dom.namespaceKey(v = 1),org.jetbrains.kotlin.idea.stubindex.KotlinSubclassObjectNameIndex(v = 3),org.jetbrains.kotlin.idea.stubindex.KotlinJvmNameAnnotationIndex(v = 2),markdown.header(v = 2),gr.field.name(v = 5),org.jetbrains.kotlin.idea.stubindex.KotlinPropertyShortNameIndex(v = 2),org.jetbrains.kotlin.idea.stubindex.KotlinClassShortNameIndex(v = 3),org.jetbrains.kotlin.idea.stubindex.KotlinTypeAliasShortNameIndex(v = 2),KotlinProbablyNothingFunctionShortNameIndex(v = 2),KotlinProbablyNothingPropertyShortNameIndex(v = 2),org.jetbrains.kotlin.idea.stubindex.KotlinExactPackagesIndex(v = 2),org.jetbrains.kotlin.idea.stubindex.KotlinTopLevelFunctionFqnNameIndex(v = 3),KotlinProbablyContractedFunctionShortNameIndex(v = 2),org.jetbrains.kotlin.idea.stubindex.KotlinFullClassNameIndex(v = 3),KotlinTypeAliasByExpansionShortNameIndex(v = 2),KotlinTopLevelFunctionByPackageIndex(v = 2),org.jetbrains.kotlin.idea.stubindex.KotlinFileFacadeShortNameIndex(v = 3),org.jetbrains.kotlin.idea.stubindex.KotlinFileFacadeFqNameIndex(v = 2),org.jetbrains.kotlin.idea.stubindex.KotlinScriptFqnIndex(v = 2),dom.elementClass(v = 0),org.jetbrains.kotlin.idea.stubindex.KotlinTopLevelClassByPackageIndex(v = 2),gr.class.super(v = 5),KotlinExtensionsInObjectsByReceiverTypeIndex(v = 2),java.annotations(v = 2),markdown.header.anchor(v = 2),java.anonymous.baseref(v = 2),gr.script.class(v = 5),org.jetbrains.kotlin.idea.stubindex.KotlinMultifileClassPartIndex(v = 2),org.jetbrains.kotlin.idea.stubindex.KotlinTopLevelPropertyFqnNameIndex(v = 3),KotlinProbablyInjectedFunctionShortNameIndex(v = 2),java.record.component.name(v = 2),java.module.name(v = 4),org.jetbrains.kotlin.idea.stubindex.KotlinSuperClassIndex(v = 2),KotlinTopLevelExpectPropertyFqNameIndex(v = 2),gr.script.fqn.s(v = 5),java.method.parameter.types(v = 3)
2026-09-17 15:27:21,162 [   2040]   INFO - #c.i.u.i.IndexDataInitializer - Index data initialization done: 253 ms. Initialized stub indexes: {gr.method.name, org.jetbrains.kotlin.idea.stubindex.KotlinTopLevelFunctionFqnNameIndex, org.jetbrains.kotlin.idea.stubindex.KotlinPropertyShortNameIndex, java.class.shortname, org.jetbrains.kotlin.idea.stubindex.KotlinClassShortNameIndex, KotlinTopLevelExtensionsByReceiverTypeIndex, java.method.parameter.types, gr.annot.method.name, java.unnamed.class, KotlinTopLevelExpectPropertyFqNameIndex, org.jetbrains.kotlin.idea.stubindex.KotlinJvmNameAnnotationIndex, properties.index, org.jetbrains.kotlin.idea.stubindex.KotlinScriptFqnIndex, jvm.static.member.type, markdown.header.anchor, org.jetbrains.kotlin.idea.stubindex.KotlinFilePartClassIndex, KotlinExtensionsInObjectsByReceiverTypeIndex, KotlinProbablyInjectedFunctionShortNameIndex, dom.namespaceKey, org.jetbrains.kotlin.idea.stubindex.KotlinInnerTypeAliasClassIdIndex, KotlinProbablyNothingPropertyShortNameIndex, KotlinTopLevelFunctionByPackageIndex, KotlinProbablyNothingFunctionShortNameIndex, markdown.header, java.module.name, java.field.name, KotlinTopLevelExpectFunctionFqNameIndex, gr.annot.members, org.jetbrains.kotlin.idea.stubindex.KotlinExactPackagesIndex, java.anonymous.baseref, KotlinTypeAliasByExpansionShortNameIndex, KotlinTopLevelTypeAliasByPackageIndex, KotlinProbablyContractedFunctionShortNameIndex, KotlinOverridableInternalMembersShortNameIndex, java.class.extlist, org.jetbrains.kotlin.idea.stubindex.KotlinTopLevelClassByPackageIndex, org.jetbrains.kotlin.idea.stubindex.KotlinFunctionShortNameIndex, dom.elementClass, org.jetbrains.kotlin.idea.stubindex.KotlinTopLevelPropertyFqnNameIndex, gr.script.fqn.s, java.annotations, org.jetbrains.kotlin.idea.stubindex.KotlinAnnotationsIndex, java.method.name, gr.class.fqn.s, org.jetbrains.kotlin.idea.stubindex.KotlinFileFacadeFqNameIndex, org.jetbrains.kotlin.idea.stubindex.KotlinSubclassObjectNameIndex, jvm.static.member.name, org.jetbrains.kotlin.idea.stubindex.KotlinSuperClassIndex, org.jetbrains.kotlin.idea.stubindex.KotlinFileFacadeShortNameIndex, org.jetbrains.kotlin.idea.stubindex.KotlinMultifileClassPartIndex, org.jetbrains.kotlin.idea.stubindex.KotlinTopLevelTypeAliasFqNameIndex, java.record.component.name, gr.field.name, gr.class.super, java.class.fqn, gr.script.class, kotlin.primeIndexKey, gr.anonymous.class, KotlinFileFacadeClassByPackageIndex, org.jetbrains.kotlin.idea.stubindex.KotlinTypeAliasShortNameIndex, org.jetbrains.kotlin.idea.stubindex.KotlinFullClassNameIndex, KotlinTopLevelPropertyByPackageIndex}.
2026-09-17 15:27:21,163 [   2041]   INFO - #c.i.u.i.FileBasedIndexImpl - Index dispose started
2026-09-17 15:27:21,167 [   2045]   INFO - #c.i.u.i.PersistentDirtyFilesQueue - Dirty file ids stored. Size: 0. Index: 0 Path: /Users/snagar/notes-plugin/.intellijPlatform/sandbox/notes-plugin/AI-AI-261.26222.65.2614.16204760/system_runIde/index/dirty-file-ids
2026-09-17 15:27:21,192 [   2070]   INFO - #c.i.p.s.StubIndexImpl - StubIndexExtension-s were unloaded
2026-09-17 15:27:21,195 [   2073]   INFO - #c.i.p.s.SerializationManagerImpl - Start shutting down /Users/snagar/notes-plugin/.intellijPlatform/sandbox/notes-plugin/AI-AI-261.26222.65.2614.16204760/system_runIde/index/rep.names
2026-09-17 15:27:21,195 [   2073]   INFO - #c.i.p.s.SerializationManagerImpl - Finished shutting down /Users/snagar/notes-plugin/.intellijPlatform/sandbox/notes-plugin/AI-AI-261.26222.65.2614.16204760/system_runIde/index/rep.names
2026-09-17 15:27:21,212 [   2090]   INFO - #c.i.u.i.FileBasedIndexImpl - Index dispose completed in 49ms.
2026-09-17 15:27:21,214 [   2092]   INFO - #c.i.o.v.n.p.PersistentFSImpl - VFS dispose started
2026-09-17 15:27:21,214 [   2092]   INFO - #c.i.o.v.n.p.FSRecordsImpl - VFS closing
2026-09-17 15:27:21,215 [   2093]   INFO - #c.i.o.v.n.p.PersistentFSImpl - VFS dispose completed in 1 ms.
2026-09-17 15:27:21,385 [   2263]   INFO - #c.i.p.i.b.AppStarter - ------------------------------------------------------ IDE SHUTDOWN ------------------------------------------------------
2026-09-17 15:31:17,714 [     13]   INFO - #c.i.p.i.b.AppStarter - ------------------------------------------------------ IDE STARTED ------------------------------------------------------
2026-09-17 15:31:17,717 [     16]   INFO - #c.i.p.i.b.AppStarter - skipping shell environment: the IDE is likely launched from a terminal (SHLVL=1)
2026-09-17 15:31:17,717 [     16]   INFO - #c.i.p.i.b.AppStarter - Will skip the config import to directory "/Users/snagar/notes-plugin/.intellijPlatform/sandbox/notes-plugin/AI-AI-261.26222.65.2614.16204760/config_runIde" (exists = true). Current entries: "options", "ssl", "disabled_plugins.txt", "early-access-registry.txt", "app-internal-state.db".
2026-09-17 15:31:17,740 [     39]   INFO - #c.i.p.i.b.AppStarter - JNA library (64-bit) loaded in 24 ms
2026-09-17 15:31:17,756 [     55]   INFO - #c.i.p.i.b.AppStarter - IDE: Android Studio (build #AI-261.26222.65.2614.16204760, Fri, 28 Aug 2026 14:05:00 GMT)
2026-09-17 15:31:17,756 [     55]   INFO - #c.i.p.i.b.AppStarter - OS: macOS (26.6.2)
2026-09-17 15:31:17,756 [     55]   INFO - #c.i.p.i.b.AppStarter - JRE: 25.0.3+-15898627-b508.16, aarch64 (JetBrains s.r.o.)
2026-09-17 15:31:17,756 [     55]   INFO - #c.i.p.i.b.AppStarter - JVM: 25.0.3+-15898627-b508.16 (OpenJDK 64-Bit Server VM)
2026-09-17 15:31:17,761 [     60]   INFO - #c.i.p.i.b.AppStarter - PID: 52035
2026-09-17 15:31:17,791 [     90]   INFO - #c.i.p.i.b.AppStarter - JVM options: [-Daether.connector.resumeDownloads=false, -Dapple.awt.application.appearance=system, -Dapple.awt.fileDialogForDirectories=true, -Dapple.laf.useScreenMenuBar=true, -Dcompose.swing.render.on.graphics=true, -Dflags.configuration.level=COMPLETE, -Dflags.debug.enabled=false, -Dide.native.launcher=false, -Dide.no.platform.update=false, -Didea.auto.reload.plugins=true, -Didea.classpath.index.enabled=false, -Didea.config.path=/Users/snagar/notes-plugin/.intellijPlatform/sandbox/notes-plugin/AI-AI-261.26222.65.2614.16204760/config_runIde, -Didea.is.internal=true, -Didea.log.path=/Users/snagar/notes-plugin/.intellijPlatform/sandbox/notes-plugin/AI-AI-261.26222.65.2614.16204760/log_runIde, -Didea.paths.selector=AndroidStudio2026.1.4, -Didea.platform.prefix=AndroidStudio, -Didea.plugin.in.sandbox.mode=true, -Didea.plugins.path=/Users/snagar/notes-plugin/.intellijPlatform/sandbox/notes-plugin/AI-AI-261.26222.65.2614.16204760/plugins_runIde, -Didea.required.plugins.id=com.example.notes, -Didea.reset.classpath.from.manifest=true, -Didea.smooth.progress=false, -Didea.system.path=/Users/snagar/notes-plugin/.intellijPlatform/sandbox/notes-plugin/AI-AI-261.26222.65.2614.16204760/system_runIde, -Didea.vendor.name=Google, -Dij.startup.error.handler.class=com.intellij.platform.ide.bootstrap.StudioStartupErrorHandler, -Dintellij.console.log.level=warning, -Dintellij.platform.runtime.repository.path=/Applications/Android Studio.app/Contents/modules/module-descriptors.dat, -Dio.netty.allocator.type=pooled, -Djava.nio.file.spi.DefaultFileSystemProvider=com.intellij.platform.core.nio.fs.MultiRoutingFileSystemProvider, -Djava.system.class.loader=com.intellij.util.lang.PathClassLoader, -Djava.util.zip.use.nio.for.zip.file.access=true, -Djbr.catch.SIGABRT=true, -Djdk.attach.allowAttachSelf=true, -Djdk.http.auth.tunneling.disabledSchemes="", -Djdk.module.illegalAccess.silent=true, -Djdk.nio.maxCachedBufferSize=2097152, -Djna.boot.library.path=/Applications/Android Studio.app/Contents/lib/jna/aarch64, -Djna.noclasspath=true, -Djna.nosys=true, -Dplugin.path=/Users/snagar/notes-plugin/.intellijPlatform/sandbox/notes-plugin/AI-AI-261.26222.65.2614.16204760/plugins_runIde/notes-plugin, -Dpty4j.preferred.native.folder=/Applications/Android Studio.app/Contents/lib/pty4j, -Dskiko.library.path=/Applications/Android Studio.app/Contents/lib/skiko-awt-runtime-all, -Dskiko.rendering.useScreenMenuBar=false, -Dsplash=true, -Dsun.io.useCanonCaches=false, -Dsun.java2d.metal=true, -XX:JbrShrinkingGcMaxHeapFreeRatio=40, -XX:ReservedCodeCacheSize=512m, -XX:+HeapDumpOnOutOfMemoryError, -XX:-OmitStackTraceInFastThrow, -XX:CICompilerCount=2, -XX:+IgnoreUnrecognizedVMOptions, -XX:+UnlockDiagnosticVMOptions, -XX:TieredOldPercentage=100000, -Xbootclasspath/a:/Applications/Android Studio.app/Contents/lib/nio-fs.jar, -XX:FlightRecorderOptions=stackdepth=256, --add-opens=java.base/sun.net.www.protocol.https=ALL-UNNAMED, -XX:CompileCommand=exclude,org.jetbrains.kotlin.serialization.deserialization.TypeDeserializer::simpleType, -XX:CompileCommand=exclude,org.jetbrains.kotlin.serialization.deserialization.TypeDeserializer::toAttributes, --enable-native-access=ALL-UNNAMED, --add-opens=java.base/java.io=ALL-UNNAMED, --add-opens=java.base/java.lang=ALL-UNNAMED, --add-opens=java.base/java.lang.ref=ALL-UNNAMED, --add-opens=java.base/java.lang.reflect=ALL-UNNAMED, --add-opens=java.base/java.net=ALL-UNNAMED, --add-opens=java.base/java.nio=ALL-UNNAMED, --add-opens=java.base/java.nio.charset=ALL-UNNAMED, --add-opens=java.base/java.text=ALL-UNNAMED, --add-opens=java.base/java.time=ALL-UNNAMED, --add-opens=java.base/java.util=ALL-UNNAMED, --add-opens=java.base/java.util.concurrent=ALL-UNNAMED, --add-opens=java.base/java.util.concurrent.atomic=ALL-UNNAMED, --add-opens=java.base/java.util.concurrent.locks=ALL-UNNAMED, --add-opens=java.base/jdk.internal.ref=ALL-UNNAMED, --add-opens=java.base/jdk.internal.vm=ALL-UNNAMED, --add-opens=java.base/sun.net.dns=ALL-UNNAMED, --add-opens=java.base/sun.nio=ALL-UNNAMED, --add-opens=java.base/sun.nio.ch=ALL-UNNAMED, --add-opens=java.base/sun.nio.fs=ALL-UNNAMED, --add-opens=java.base/sun.security.ssl=ALL-UNNAMED, --add-opens=java.base/sun.security.util=ALL-UNNAMED, --add-opens=java.desktop/com.apple.eawt=ALL-UNNAMED, --add-opens=java.desktop/com.apple.eawt.event=ALL-UNNAMED, --add-opens=java.desktop/com.apple.laf=ALL-UNNAMED, --add-opens=java.desktop/com.sun.java.swing=ALL-UNNAMED, --add-opens=java.desktop/java.awt=ALL-UNNAMED, --add-opens=java.desktop/java.awt.dnd.peer=ALL-UNNAMED, --add-opens=java.desktop/java.awt.event=ALL-UNNAMED, --add-opens=java.desktop/java.awt.font=ALL-UNNAMED, --add-opens=java.desktop/java.awt.image=ALL-UNNAMED, --add-opens=java.desktop/java.awt.peer=ALL-UNNAMED, --add-opens=java.desktop/javax.swing=ALL-UNNAMED, --add-opens=java.desktop/javax.swing.plaf.basic=ALL-UNNAMED, --add-opens=java.desktop/javax.swing.text=ALL-UNNAMED, --add-opens=java.desktop/javax.swing.text.html=ALL-UNNAMED, --add-opens=java.desktop/javax.swing.text.html.parser=ALL-UNNAMED, --add-opens=java.desktop/sun.awt=ALL-UNNAMED, --add-opens=java.desktop/sun.awt.datatransfer=ALL-UNNAMED, --add-opens=java.desktop/sun.awt.image=ALL-UNNAMED, --add-opens=java.desktop/sun.font=ALL-UNNAMED, --add-opens=java.desktop/sun.java2d=ALL-UNNAMED, --add-opens=java.desktop/sun.lwawt=ALL-UNNAMED, --add-opens=java.desktop/sun.lwawt.macosx=ALL-UNNAMED, --add-opens=java.desktop/sun.swing=ALL-UNNAMED, --add-opens=java.management/sun.management=ALL-UNNAMED, --add-opens=jdk.attach/sun.tools.attach=ALL-UNNAMED, --add-opens=jdk.compiler/com.sun.tools.javac.api=ALL-UNNAMED, --add-opens=jdk.internal.jvmstat/sun.jvmstat.monitor=ALL-UNNAMED, --add-opens=jdk.jdi/com.sun.tools.jdi=ALL-UNNAMED, -Xms256m, -Xmx2048m, -Dfile.encoding=UTF-8, -Duser.country=US, -Duser.language=en, -Duser.variant, -ea]
2026-09-17 15:31:17,791 [     90]   INFO - #c.i.p.i.b.AppStarter - args: 
2026-09-17 15:31:17,791 [     90]   INFO - #c.i.p.i.b.AppStarter - library path: /Users/snagar/Library/Java/Extensions:/Library/Java/Extensions:/Network/Library/Java/Extensions:/System/Library/Java/Extensions:/usr/lib/java:.
2026-09-17 15:31:17,791 [     90]   INFO - #c.i.p.i.b.AppStarter - boot library path: /Applications/Android Studio.app/Contents/jbr/Contents/Home/lib
2026-09-17 15:31:17,793 [     92]   INFO - #c.i.p.i.b.AppStarter - locale=en_US JNU=UTF-8 file.encoding=UTF-8
    idea.home.path=/Applications/Android Studio.app/Contents
    idea.config.path=/Users/snagar/notes-plugin/.intellijPlatform/sandbox/notes-plugin/AI-AI-261.26222.65.2614.16204760/config_runIde
    idea.system.path=/Users/snagar/notes-plugin/.intellijPlatform/sandbox/notes-plugin/AI-AI-261.26222.65.2614.16204760/system_runIde
    idea.plugins.path=/Users/snagar/notes-plugin/.intellijPlatform/sandbox/notes-plugin/AI-AI-261.26222.65.2614.16204760/plugins_runIde
    idea.log.path=/Users/snagar/notes-plugin/.intellijPlatform/sandbox/notes-plugin/AI-AI-261.26222.65.2614.16204760/log_runIde
2026-09-17 15:31:17,797 [     96]   INFO - #c.i.p.i.b.AppStarter - CPU cores: 12; ForkJoinPool.commonPool: java.util.concurrent.ForkJoinPool@5bcbee1[Running, parallelism = 11, size = 0, active = 0, running = 0, steals = 0, tasks = 0, submissions = 0]; factory: com.intellij.concurrency.IdeaForkJoinWorkerThreadFactory@39cf1b16
2026-09-17 15:31:17,866 [    165]   INFO - #c.i.i.p.PluginManager - Ignoring cached broken plugins file from an earlier IDE build (AI-261.26222.65.__BUILD_NUMBER__)
2026-09-17 15:31:17,913 [    212]   WARN - #c.i.i.p.PluginManager - intellij.cidr.util.ui has accessibility problem which is currently ignored: it has no namespace specified and depends on module 'intellij.cidr.util' which is registered in 'com.intellij.cidr.base' plugin with internal visibility in unspecified namespace
2026-09-17 15:31:17,913 [    212]   WARN - #c.i.i.p.PluginManager - intellij.cidr.util.serializer has accessibility problem which is currently ignored: it has no namespace specified and depends on module 'intellij.cidr.util' which is registered in 'com.intellij.cidr.base' plugin with internal visibility in unspecified namespace
2026-09-17 15:31:17,913 [    212]   WARN - #c.i.i.p.PluginManager - intellij.cidr.lang.base has accessibility problem which is currently ignored: it has no namespace specified and depends on module 'intellij.cidr.core' which is registered in 'com.intellij.cidr.debugger' plugin with internal visibility in namespace 'jetbrains'
2026-09-17 15:31:17,913 [    212]   WARN - #c.i.i.p.PluginManager - intellij.cidr.lang.base has accessibility problem which is currently ignored: it has no namespace specified and depends on module 'intellij.cidr.util' which is registered in 'com.intellij.cidr.base' plugin with internal visibility in unspecified namespace
2026-09-17 15:31:17,914 [    213]   WARN - #c.i.i.p.PluginManager - intellij.cidr.projectModel has accessibility problem which is currently ignored: it has no namespace specified and depends on module 'intellij.cidr.core' which is registered in 'com.intellij.cidr.debugger' plugin with internal visibility in namespace 'jetbrains'
2026-09-17 15:31:17,914 [    213]   WARN - #c.i.i.p.PluginManager - intellij.cidr.projectModel has accessibility problem which is currently ignored: it has no namespace specified and depends on module 'intellij.cidr.util' which is registered in 'com.intellij.cidr.base' plugin with internal visibility in unspecified namespace
2026-09-17 15:31:17,914 [    213]   WARN - #c.i.i.p.PluginManager - intellij.cidr.projectModel has accessibility problem which is currently ignored: it has no namespace specified and depends on module 'intellij.cidr.util.serializer' which is registered in 'com.intellij.cidr.base' plugin with internal visibility in unspecified namespace
2026-09-17 15:31:17,914 [    213]   WARN - #c.i.i.p.PluginManager - intellij.cidr.workspaceModel has accessibility problem which is currently ignored: it has no namespace specified and depends on module 'intellij.cidr.core' which is registered in 'com.intellij.cidr.debugger' plugin with internal visibility in namespace 'jetbrains'
2026-09-17 15:31:17,914 [    213]   WARN - #c.i.i.p.PluginManager - intellij.cidr.workspaceModel has accessibility problem which is currently ignored: it has no namespace specified and depends on module 'intellij.cidr.util' which is registered in 'com.intellij.cidr.base' plugin with internal visibility in unspecified namespace
2026-09-17 15:31:17,914 [    213]   WARN - #c.i.i.p.PluginManager - intellij.cidr.execution has accessibility problem which is currently ignored: it has no namespace specified and depends on module 'intellij.cidr.core' which is registered in 'com.intellij.cidr.debugger' plugin with internal visibility in namespace 'jetbrains'
2026-09-17 15:31:17,914 [    213]   WARN - #c.i.i.p.PluginManager - intellij.cidr.execution has accessibility problem which is currently ignored: it has no namespace specified and depends on module 'intellij.cidr.util' which is registered in 'com.intellij.cidr.base' plugin with internal visibility in unspecified namespace
2026-09-17 15:31:17,914 [    213]   WARN - #c.i.i.p.PluginManager - intellij.cidr.execution has accessibility problem which is currently ignored: it has no namespace specified and depends on module 'intellij.cidr.util.ui' which is registered in 'com.intellij.cidr.base' plugin with internal visibility in unspecified namespace
2026-09-17 15:31:17,914 [    213]   WARN - #c.i.i.p.PluginManager - intellij.c.core has accessibility problem which is currently ignored: it is from namespace 'jetbrains' and depends on module 'intellij.cidr.util' which is registered in 'com.intellij.cidr.base' plugin with internal visibility in unspecified namespace
2026-09-17 15:31:17,914 [    213]   WARN - #c.i.i.p.PluginManager - intellij.c.core has accessibility problem which is currently ignored: it is from namespace 'jetbrains' and depends on module 'intellij.cidr.util.serializer' which is registered in 'com.intellij.cidr.base' plugin with internal visibility in unspecified namespace
2026-09-17 15:31:17,914 [    213]   WARN - #c.i.i.p.PluginManager - intellij.c.testing has accessibility problem which is currently ignored: it is from namespace 'jetbrains' and depends on module 'intellij.cidr.util.serializer' which is registered in 'com.intellij.cidr.base' plugin with internal visibility in unspecified namespace
2026-09-17 15:31:17,914 [    213]   WARN - #c.i.i.p.PluginManager - intellij.cidr.clangd.core has accessibility problem which is currently ignored: it is from namespace 'jetbrains' and depends on module 'intellij.cidr.util' which is registered in 'com.intellij.cidr.base' plugin with internal visibility in unspecified namespace
2026-09-17 15:31:17,915 [    214]   WARN - #c.i.i.p.PluginManager - intellij.cidr.clangd.core has accessibility problem which is currently ignored: it is from namespace 'jetbrains' and depends on module 'intellij.cidr.util.serializer' which is registered in 'com.intellij.cidr.base' plugin with internal visibility in unspecified namespace
2026-09-17 15:31:17,915 [    214]   WARN - #c.i.i.p.PluginManager - intellij.cidr.clangFormat.common has accessibility problem which is currently ignored: it has no namespace specified and depends on module 'intellij.cidr.clangd.core' which is registered in 'com.intellij.cidr.lang.clangd' plugin with internal visibility in namespace 'jetbrains'
2026-09-17 15:31:17,915 [    214]   WARN - #c.i.i.p.PluginManager - intellij.cidr.clangFormat.common has accessibility problem which is currently ignored: it has no namespace specified and depends on module 'intellij.cidr.util' which is registered in 'com.intellij.cidr.base' plugin with internal visibility in unspecified namespace
2026-09-17 15:31:17,915 [    214]   WARN - #c.i.i.p.PluginManager - intellij.cidr.clangFormat.common has accessibility problem which is currently ignored: it has no namespace specified and depends on module 'intellij.platform.core.impl' which is registered in 'com.intellij' plugin with internal visibility in namespace 'jetbrains'
2026-09-17 15:31:17,915 [    214]   WARN - #c.i.i.p.PluginManager - intellij.cidr.clangFormat.schema has accessibility problem which is currently ignored: it has no namespace specified and depends on module 'intellij.cidr.clangFormat.common' which is registered in 'com.intellij.cidr.base' plugin with internal visibility in unspecified namespace
2026-09-17 15:31:17,915 [    214]   WARN - #c.i.i.p.PluginManager - intellij.cidr.clangd.clangFormat has accessibility problem which is currently ignored: it is from namespace 'jetbrains' and depends on module 'intellij.cidr.clangFormat.common' which is registered in 'com.intellij.cidr.base' plugin with internal visibility in unspecified namespace
2026-09-17 15:31:17,915 [    214]   WARN - #c.i.i.p.PluginManager - intellij.cidr.clangd.legacyBridge has accessibility problem which is currently ignored: it is from namespace 'jetbrains' and depends on module 'intellij.cidr.util' which is registered in 'com.intellij.cidr.base' plugin with internal visibility in unspecified namespace
2026-09-17 15:31:17,915 [    214]   WARN - #c.i.i.p.PluginManager - org.jetbrains.android has accessibility problem which is currently ignored: it has no namespace specified and depends on module 'intellij.libraries.grpc.netty.shaded' which is registered in 'com.intellij' plugin with internal visibility in namespace 'jetbrains'
2026-09-17 15:31:17,915 [    214]   WARN - #c.i.i.p.PluginManager - org.jetbrains.android has accessibility problem which is currently ignored: it has no namespace specified and depends on module 'intellij.settingsSync.core' which is registered in 'com.intellij' plugin with internal visibility in namespace 'jetbrains'
2026-09-17 15:31:17,915 [    214]   WARN - #c.i.i.p.PluginManager - org.jetbrains.android has accessibility problem which is currently ignored: it depends on module 'intellij.java.debugger.impl.backend' which private visibility in 'com.intellij.java' plugin
2026-09-17 15:31:17,915 [    214]   WARN - #c.i.i.p.PluginManager - org.jetbrains.android has accessibility problem which is currently ignored: it has no namespace specified and depends on module 'intellij.platform.debugger.impl.frontend' which is registered in 'com.intellij' plugin with internal visibility in namespace 'jetbrains'
2026-09-17 15:31:17,915 [    214]   WARN - #c.i.i.p.PluginManager - org.jetbrains.android has accessibility problem which is currently ignored: it has no namespace specified and depends on module 'intellij.platform.diagnostic.freezeAnalyzer' which is registered in 'com.intellij' plugin with internal visibility in namespace 'jetbrains'
2026-09-17 15:31:17,916 [    215]   WARN - #c.i.i.p.PluginManager - org.jetbrains.android has accessibility problem which is currently ignored: it depends on module 'intellij.java.debugger.impl.frontend' which private visibility in 'com.intellij.java' plugin
2026-09-17 15:31:17,916 [    215]   WARN - #c.i.i.p.PluginManager - org.jetbrains.android has accessibility problem which is currently ignored: it depends on module 'intellij.platform.images.xdebugger' which private visibility in 'com.intellij.platform.images' plugin
2026-09-17 15:31:17,916 [    215]   WARN - #c.i.i.p.PluginManager - org.jetbrains.android has accessibility problem which is currently ignored: it has no namespace specified and depends on module 'intellij.platform.debugger.impl.backend' which is registered in 'com.intellij' plugin with internal visibility in namespace 'jetbrains'
2026-09-17 15:31:17,916 [    215]   WARN - #c.i.i.p.PluginManager - androidx.compose.plugins.idea has accessibility problem which is currently ignored: it depends on module 'intellij.compose.ide.plugin.gradleTooling.rt' which private visibility in 'com.intellij.compose' plugin
2026-09-17 15:31:17,916 [    215]   WARN - #c.i.i.p.PluginManager - androidx.compose.plugins.idea has accessibility problem which is currently ignored: it depends on module 'intellij.compose.ide.plugin.shared' which private visibility in 'com.intellij.compose' plugin
2026-09-17 15:31:17,916 [    215]   WARN - #c.i.i.p.PluginManager - com.android.tools.ndk has accessibility problem which is currently ignored: it has no namespace specified and depends on module 'intellij.c.debugger' which is registered in 'com.intellij.cidr.lang' plugin with internal visibility in namespace 'jetbrains'
2026-09-17 15:31:17,916 [    215]   WARN - #c.i.i.p.PluginManager - com.android.tools.ndk has accessibility problem which is currently ignored: it has no namespace specified and depends on module 'intellij.cidr.clangd.core' which is registered in 'com.intellij.cidr.lang.clangd' plugin with internal visibility in namespace 'jetbrains'
2026-09-17 15:31:17,916 [    215]   WARN - #c.i.i.p.PluginManager - com.google.services.firebase has accessibility problem which is currently ignored: it has no namespace specified and depends on module 'intellij.libraries.grpc.netty.shaded' which is registered in 'com.intellij' plugin with internal visibility in namespace 'jetbrains'
2026-09-17 15:31:17,916 [    215]   WARN - #c.i.i.p.PluginManager - com.google.tools.ij.aiplugin has accessibility problem which is currently ignored: it has no namespace specified and depends on module 'intellij.libraries.grpc.netty.shaded' which is registered in 'com.intellij' plugin with internal visibility in namespace 'jetbrains'
2026-09-17 15:31:17,916 [    215]   WARN - #c.i.i.p.PluginManager - com.google.gct.directaccess has accessibility problem which is currently ignored: it has no namespace specified and depends on module 'intellij.libraries.grpc.netty.shaded' which is registered in 'com.intellij' plugin with internal visibility in namespace 'jetbrains'
2026-09-17 15:31:17,916 [    215]   INFO - #c.i.i.p.PluginManager - Plugin set resolution:
Module intellij.sh.python is not enabled because dependency com.intellij.modules.python is not available
Module intellij.xml.langInjection.xpath is not enabled because dependency XPathView is not available
Module intellij.compose.ide.plugin.k1 is not enabled because dependency com.intellij.modules.kotlin.k1 is not available
Module intellij.kotlin.maven is not enabled because dependency org.jetbrains.idea.maven is not available
Module intellij.kotlin.compilerPlugins.support.maven is not enabled because dependency intellij.kotlin.maven is not available
Module intellij.kotlin.compilerPlugins.assignment.maven is not enabled because dependency intellij.kotlin.maven is not available
Module intellij.kotlin.compilerPlugins.lombok.maven is not enabled because dependency intellij.kotlin.maven is not available
Module intellij.kotlin.compilerPlugins.dataframe.maven is not enabled because dependency intellij.kotlin.maven is not available
Module intellij.kotlin.compilerPlugins.serialization.maven is not enabled because dependency intellij.kotlin.maven is not available
Module intellij.kotlin.compilerPlugins.samWithReceiver.maven is not enabled because dependency intellij.kotlin.maven is not available
Module intellij.kotlin.compilerPlugins.noarg.maven is not enabled because dependency intellij.kotlin.maven is not available
Module intellij.kotlin.compilerPlugins.allopen.maven is not enabled because dependency intellij.kotlin.maven is not available
Module intellij.kotlin.onboarding.maven is not enabled because dependency intellij.kotlin.maven is not available
Module intellij.java.promo is not enabled because dependency com.intellij.modules.idea.community is not available
Module intellij.java.featuresTrainer is not enabled because dependency training is not available
Module intellij.java.ide.customization.training is not enabled because dependency intellij.java.featuresTrainer is not available
Module intellij.kotlin.featuresTrainer is not enabled because dependency intellij.java.featuresTrainer is not available
Module intellij.groovy.byteCodeViewer is not enabled because dependency ByteCodeViewer is not available
Module intellij.groovy.ant is not enabled because dependency AntSupport is not available
Module intellij.kotlin.projectWizard.maven is not enabled because dependency org.jetbrains.idea.maven is not available
Module intellij.gradle.java.performance is not enabled because dependency org.jetbrains.idea.maven is not available
2026-09-17 15:31:17,928 [    227]   INFO - #c.i.p.i.b.AppStarter - Loaded bundled plugins: IDEA CORE (261.26222.65), C/C++ Language Support via Classic Engine (261.26222.65.2614.16204760), CIDR Base (261.26222.65.2614.16204760), DevKit Runtime (261.26222.65.2614.16204760), YAML (261.26222.65.2614.16204760), TextMate Bundles (261.26222.65.2614.16204760), Properties (261.26222.65.2614.16204760), JSON (261.26222.65.2614.16204760), Performance Testing (261.26222.65.2614.16204760), Java (261.26222.65.2614.16204760), Terminal (261.26222.65.2614.16204760), Gradle (261.26222.65.2614.16204760), Shell Script (261.26222.65.2614.16204760), CIDR Debugger (261.26222.65.2614.16204760), Markdown (261.26222.65.2614.16204760), Toml (261.26222.65.2614.16204760), Natural Languages (261.26222.65.2614.16204760), Git (261.26222.65.2614.16204760), Copyright (261.26222.65.2614.16204760), Mercurial (261.26222.65.2614.16204760), Modal Commit Interface (261.26222.65.2614.16204760), Configuration Script (261.26222.65.2614.16204760), Machine Learning Code Completion (261.26222.65.2614.16204760), EditorConfig (261.26222.65.2614.16204760), Groovy Live Templates (261.26222.65.2614.16204760), Visual Studio Keymap (261.26222.65.2614.16204760), NetBeans Keymap (261.26222.65.2614.16204760), WebP Support (261.26222.65.2614.16204760), Eclipse Keymap (261.26222.65.2614.16204760), GitHub (261.26222.65.2614.16204760), GitLab (261.26222.65.2614.16204760), Images (261.26222.65.2614.16204760), Java Stream Debugger (261.26222.65.2614.16204760), Compose Multiplatform (261.26222.65.2614.16204760), Kotlin (261.26222.65.2614.16204760-AS), Java IDE Customization (261.26222.65.2614.16204760), Smali Support (261.26222.65.2614.16204760), Java Internationalization (261.26222.65.2614.16204760), TestNG (261.26222.65.2614.16204760), JUnit (261.26222.65.2614.16204760), Groovy (261.26222.65.2614.16204760), Code Coverage for Java (261.26222.65.2614.16204760), Java Bytecode Decompiler (261.26222.65.2614.16204760), Gradle for Java (261.26222.65.2614.16204760), Clangd Support (261.26222.65.2614.16204760), HTML Tools (261.26222.65.2614.16204760), Task Management (261.26222.65.2614.16204760), Artifacts Repository Search (261.26222.65.2614.16204760), Gradle Declarative Support (261.26222.65.2614.16204760), Gradle DSL Parser Support (261.26222.65.2614.16204760), Android (261.26222.65.2614.16204760), Jetpack Compose (261.26222.65.2614.16204760), App Links Assistant (261.26222.65.2614.16204760), Android APK Support (261.26222.65.2614.16204760), Android Design Tools (261.26222.65.2614.16204760), Lightbuild (261.26222.65.2614.16204760), Android NDK Support (261.26222.65.2614.16204760), Test Recorder (261.26222.65.2614.16204760), Firebase Services (261.26222.65.2614.16204760), Gemini (261.26222.65.2614.16204760), App Links Assistant AI (261.26222.65.2614.16204760), Lightbuild AI Plugin (261.26222.65.2614.16204760), Device Streaming (261.26222.65.2614.16204760), Android SDK Upgrade Assistant (261.26222.65.2614.16204760), GMD Code Completion (261.26222.65.2614.16204760), Git for App Insights (261.26222.65.2614.16204760)
2026-09-17 15:31:17,929 [    228]   INFO - #c.i.p.i.b.AppStarter - Loaded custom plugins: Notes (1.0.0)
2026-09-17 15:31:17,946 [    245]   WARN - #c.i.p.instanceContainer - InstanceNotOverridableException: Override failed for com.intellij.openapi.project.impl.ProjectStoreFactory: com.intellij.configurationScript.providers.ConfigurationScriptProjectStoreFactory attempts to override com.intellij.configurationStore.PlatformLangProjectStoreFactory, but the existing implementation is not overriddable (not declared as 'open=true')
2026-09-17 15:31:17,951 [    250]   WARN - #c.i.p.instanceContainer - InstanceNotOverridableException: Override failed for com.intellij.openapi.application.IdeUrlTrackingParametersProvider: com.intellij.openapi.application.IdeUrlTrackingParametersProvider attempts to override com.intellij.ide.customization.UtmIdeUrlTrackingParametersProvider, but the existing implementation is not overriddable (not declared as 'open=true')
2026-09-17 15:31:18,033 [    332]   INFO - #c.i.u.i.PageCacheUtils - File page caching params:
	DEFAULT_PAGE_SIZE: 10485760
	Direct memory to use, max: 2126512128
	FilePageCache: regular
	Regular FilePageCache: 629145600 bytes
	DirectByteBuffers pool: 104857600 bytes
2026-09-17 15:31:18,041 [    340]   INFO - #c.i.p.e.i.f.EelMultiRoutingFileSystemBackendInitializationService - Eel MultiRoutingFileSystem backend is initialized
2026-09-17 15:31:18,059 [    358]   INFO - #c.i.o.v.n.i.VfsData - Use SoftReference in VFS cache: true
2026-09-17 15:31:18,066 [    365]   INFO - #c.i.a.o.PathMacrosImpl - Loaded path macros: {}
2026-09-17 15:31:18,085 [    384]   INFO - #c.i.l.LocalizationStateServiceImpl - [i18n] Localization property from registry is null
2026-09-17 15:31:18,095 [    394]   INFO - c.i.o.u.r.overrides - Plugin org.jetbrains.android overrides the registry key debugger.preload.types.hierarchy declared by plugin com.intellij.java (intellij.java.debugger.impl.xml).
2026-09-17 15:31:18,095 [    394]   INFO - c.i.o.u.r.overrides - Plugin org.jetbrains.android overrides the registry key debugger.emulate.method.breakpoints declared by plugin com.intellij.java (intellij.java.debugger.impl.xml).
2026-09-17 15:31:18,095 [    394]   INFO - c.i.o.u.r.overrides - Plugin org.jetbrains.android (android-plugin-androidstudio.xml) overrides the registry key platform.feedback declared by plugin com.intellij.
2026-09-17 15:31:18,095 [    394]   INFO - c.i.o.u.r.overrides - Plugin org.jetbrains.android (project-system-gradle-plugin-androidstudio.xml) overrides the registry key unknown.sdk declared by plugin com.intellij.
2026-09-17 15:31:18,095 [    394]   INFO - c.i.o.u.r.overrides - Plugin org.jetbrains.android (project-system-gradle-plugin-androidstudio.xml) overrides the registry key unknown.sdk.auto declared by plugin com.intellij.
2026-09-17 15:31:18,095 [    394]   INFO - c.i.o.u.r.overrides - Plugin org.jetbrains.android (project-system-gradle-plugin-androidstudio.xml) overrides the registry key unknown.sdk.modal.jps declared by plugin com.intellij.
2026-09-17 15:31:18,096 [    395]   INFO - c.i.o.u.r.overrides - Plugin org.jetbrains.android (project-system-gradle-plugin-androidstudio.xml) overrides the registry key unknown.sdk.show.editor.actions declared by plugin com.intellij.
2026-09-17 15:31:18,096 [    395]   INFO - c.i.o.u.r.overrides - Plugin org.jetbrains.android (project-system-gradle-plugin-androidstudio.xml) overrides the registry key gradle.phased.sync.enabled declared by plugin com.intellij.gradle (intellij.gradle.xml).
2026-09-17 15:31:18,096 [    395]   INFO - c.i.o.u.r.overrides - Plugin org.jetbrains.android (project-system-gradle-plugin-androidstudio.xml) overrides the registry key gradle.daemon.jvm.criteria.new.project declared by plugin com.intellij.gradle (intellij.gradle.xml).
2026-09-17 15:31:18,096 [    395]   INFO - c.i.o.u.r.overrides - Plugin org.jetbrains.android (project-system-gradle-plugin-androidstudio.xml) overrides the registry key gradle.daemon.jvm.criteria.suggest.migration declared by plugin org.jetbrains.kotlin (kotlin.gradle.gradle-java.xml).
2026-09-17 15:31:18,108 [    407]   INFO - #c.i.i.p.ExpiredPluginsState - Plugins to skip: []
2026-09-17 15:31:18,141 [    440]   INFO - #c.i.o.v.n.p.PersistentFSLoader - VFS uses names enumerator over mmapped file
2026-09-17 15:31:18,143 [    442]   INFO - #c.i.o.v.n.p.PersistentFSLoader - VFS uses streamlined attributes storage (over mmapped file)
2026-09-17 15:31:18,143 [    442]   INFO - #c.i.o.v.n.p.PersistentFSLoader - VFS uses content storage over memory-mapped file, with compression algo: LZ4[ > 8000b ]
2026-09-17 15:31:18,144 [    443]   INFO - #c.i.o.v.n.p.PersistentFSLoader - VFS uses OverMMappedFile(pageSize=67108864, acquireStorageOwnership=true) storage for main file records table
2026-09-17 15:31:18,174 [    473]   INFO - #c.i.o.v.n.p.PersistentFSLoader - VFS: impl (expected) version=65, 1 file records, 0 content blobs
2026-09-17 15:31:18,179 [    478]   INFO - #c.i.o.u.LowMemoryWatcherManager - Use ExponentiallySmoothingTracker(90000 ms)
2026-09-17 15:31:18,179 [    478]   INFO - #c.i.o.v.n.p.FSRecordsImpl - VFS initialized: 46 ms, 0 failed attempts, 0 error(s) were recovered
2026-09-17 15:31:18,181 [    480]   INFO - #c.i.o.v.n.p.FSRecordsImpl - VFS scanned: file-by-name index was populated
2026-09-17 15:31:18,186 [    485]   INFO - #c.i.o.u.LowMemoryWatcherManager - Subscribing to MemoryPool[G1 Old Gen]{max: 2147483648, threshold: 2040109440 (0.95 * max)}
2026-09-17 15:31:18,187 [    486]   INFO - #c.i.o.v.n.p.PersistentFSImpl - VFS.MAX_FILE_LENGTH_TO_CACHE: 1048576
2026-09-17 15:31:18,188 [    487]   INFO - #c.i.o.u.LowMemoryWatcherManager - Schedule GC-time updating: each 15000ms
2026-09-17 15:31:18,199 [    498]   INFO - #c.i.u.m.s.Menu - use new ScreenMenuBar implementation
2026-09-17 15:31:18,205 [    504]   WARN - #c.i.o.a.Application - No URL bundle (CFBundleURLTypes) is defined in the main bundle.
To be able to open external links, specify protocols in the app layout section of the build file.
Example: args.urlSchemes = ["your-protocol"] will handle following links: your-protocol://open?file=file&line=line
2026-09-17 15:31:18,232 [    531]   INFO - #c.i.o.v.i.l.NativeFileWatcherImpl - Starting file watcher: /Applications/Android Studio.app/Contents/bin/fsnotifier
2026-09-17 15:31:18,261 [    560]   INFO - #c.i.p.k.b.BackendKernelServiceKt - Backend started Kernel
2026-09-17 15:31:18,270 [    569]   INFO - #c.i.o.v.i.l.NativeFileWatcherImpl - Native file watcher is operational.
2026-09-17 15:31:18,313 [    612]   INFO - #c.i.c.CompilerWorkspaceConfiguration - Available processors: 12
2026-09-17 15:31:18,324 [    623]   WARN - #c.i.p.instanceContainer - InstanceNotOverridableException: Override failed for com.intellij.openapi.roots.ui.configuration.ProjectSettingsService: com.android.tools.idea.gradle.structure.AndroidProjectSettingsServiceImpl attempts to override com.intellij.openapi.roots.ui.configuration.IdeaProjectSettingsService, but the existing implementation is not overriddable (not declared as 'open=true')
2026-09-17 15:31:18,338 [    637]   INFO - #com.android.studio.ml.onboarding.common.v2.StudioModelsOnboardingControllerImpl$Companion - StudioModelsOnboardingControllerImpl initialized
2026-09-17 15:31:18,405 [    704]   INFO - #c.i.u.i.HttpRequests - Application is not initialized yet; Using default SSL configuration to connect to https://edgedl.me.gvt1.com/edgedl/dac/kb_indexed/v1.zip
2026-09-17 15:31:18,470 [    769]   INFO - #c.i.u.i.c.d.IndexWriter - Use com.intellij.util.indexing.contentQueue.dev.MultiThreadedWithSuspendIndexWriter@5014cbba as (parallel) index writer implementation
2026-09-17 15:31:18,473 [    772]   INFO - #c.i.u.i.i.SlruIndexStorageCacheProvider - SLRU cache will be used for indexes
2026-09-17 15:31:18,473 [    772]   INFO - #c.i.u.i.i.MapIndexStorageCacheProvider$Companion - Default index storage cache provider [com.intellij.util.indexing.impl.SlruIndexStorageCacheProvider@62ec3cc] is used
2026-09-17 15:31:18,476 [    775]   INFO - #c.i.u.i.FileBasedIndexImpl - Loading indexes
2026-09-17 15:31:18,483 [    782]   INFO - #c.i.u.i.PersistentDirtyFilesQueue - Dirty file ids read. Size: 0. Index: 0 Path: /Users/snagar/notes-plugin/.intellijPlatform/sandbox/notes-plugin/AI-AI-261.26222.65.2614.16204760/system_runIde/index/dirty-file-ids.
2026-09-17 15:31:18,499 [    798]   INFO - #c.i.u.i.HttpRequests - Application is not initialized yet; Using default SSL configuration to connect to https://plugins.jetbrains.com/files/pluginsXMLIds.json
2026-09-17 15:31:18,550 [    849]   INFO - #c.i.u.n.s.CertificateManager - Default SSL context initialized
2026-09-17 15:31:18,562 [    861]   INFO - com.android.cliserver.CliServer - Server started, listening on localhost/127.0.0.1:63157
2026-09-17 15:31:18,632 [    931]   INFO - #c.i.o.a.ActionManager - Re-registering action stub for CompileDirty as CompileDirty_renamedStub_260528249
2026-09-17 15:31:18,633 [    932]   INFO - #c.i.o.a.ActionManager - Re-registering action stub for MakeModule as MakeModule_renamedStub_1160471898
2026-09-17 15:31:18,633 [    932]   INFO - #c.i.o.a.ActionManager - Re-registering action stub for CompileProject as CompileProject_renamedStub_1398934194
2026-09-17 15:31:18,633 [    932]   INFO - #c.i.o.a.ActionManager - Re-registering action stub for Compile as Compile_renamedStub_1349264947
2026-09-17 15:31:18,633 [    932]   INFO - #c.i.o.a.ActionManager - Re-registering action stub for Build as Build_renamedStub_115385132
2026-09-17 15:31:18,634 [    933]   INFO - #c.i.o.a.ActionManager - Re-registering action stub for CompileFile as CompileFile_renamedStub_1712575129
2026-09-17 15:31:18,694 [    993]   INFO - #com.android.studio.ml.onboarding.common.v2.StudioModelsOnboardingControllerImpl$Companion - Auth state changed: AuthState.LoggedOut(isAuthorized=false)
2026-09-17 15:31:18,728 [   1027]   INFO - c.i.p.i.IdeFingerprint - Calculated dependencies fingerprint in 731 ms (hash=324denhmbhy56, buildTime=1787925900, appVersion=AI-261.26222.65.2614.16204760)
2026-09-17 15:31:18,731 [   1030]   INFO - #c.i.f.n.TrigramIndexFilter - Filter exclude extensions is enabled: CustomizableExcludeExtensions([com.intellij.java.JavaLibrarySourcesExcludingIndexFilterExtension@688d5e94])
2026-09-17 15:31:18,857 [   1156]   WARN - com.google.aiplugin.lucene.internal.vectorization.VectorizationProvider - Java vector incubator module is not readable. For optimal vector performance, pass '--add-modules jdk.incubator.vector' to enable Vector API.
2026-09-17 15:31:18,892 [   1191]   INFO - #c.i.u.i.FileBasedIndexImpl - Using simple flusher for indexes
2026-09-17 15:31:18,897 [   1196]   INFO - #c.i.u.i.IndexDataInitializer - Index data initialization done: 418 ms. Initialized indexes: [FilenameIndex, filetypes, SchemaTypeInheritance, RelaxSymbolIndex, XmlTagNames, Trigram.Index, html5.custom.attributes.index, XmlNamespaces, DomFileIndex, xmlProperties, json.file.root.values, editorconfig.index.name, java.auto.module.name, java.source.module.name, java.null.method.argument, java.fun.expression, java.binary.plus.expression, bytecodeAnalysis, IdIndex, TodoIndex, FrameworkDetectionIndex, fileIncludes, org.jetbrains.kotlin.idea.versions.KotlinJvmMetadataVersionIndex, org.jetbrains.kotlin.idea.versions.KotlinJsMetadataVersionIndex, org.jetbrains.kotlin.idea.vfilefinder.KotlinJavaScriptMetaFileIndex, org.jetbrains.kotlin.idea.vfilefinder.KotlinClassFileIndex, org.jetbrains.kotlin.idea.vfilefinder.KotlinPartialPackageNamesIndex, org.jetbrains.kotlin.idea.vfilefinder.KotlinMetadataFileIndex, org.jetbrains.kotlin.idea.vfilefinder.KotlinMetadataFilePackageIndex, org.jetbrains.kotlin.idea.vfilefinder.KotlinModuleMappingIndex, KotlinPackageSourcesMemberNamesIndex, org.jetbrains.kotlin.idea.vfilefinder.KotlinJvmModuleAnnotationsIndex, org.jetbrains.kotlin.idea.vfilefinder.KotlinBuiltInsMetadataIndex, org.jetbrains.kotlin.idea.vfilefinder.KotlinStdlibIndex, org.jetbrains.kotlin.idea.vfilefinder.KlibMetaFileIndex, BindingXmlIndex, KotlinTopLevelCallableByPackageShortNameIndex, com.android.tools.idea.model.AndroidManifestIndex.NAME, KotlinTopLevelClassLikeDeclarationByPackageShortNameIndex, KotlinBinaryRootToPackageIndex, FileNameWithoutExtensionIndex, NavXmlIndex, clang.format.lightIndex, HtmlTagIdIndex, com.google.aiplugin.rag.crawler, android.ndk.jni.nativemethodindex, com.android.tools.idea.dagger.index.DaggerIndex, Stubs, com.google.aiplugin.rag.bm25.lucindex].
2026-09-17 15:31:18,947 [   1246]   INFO - #c.i.u.i.IndexDataInitializer - Index data initialization done: 49 ms. Initialized stub indexes: {gr.class.fqn.s, java.class.shortname, properties.index, java.module.name, org.jetbrains.kotlin.idea.stubindex.KotlinFullClassNameIndex, java.anonymous.baseref, org.jetbrains.kotlin.idea.stubindex.KotlinTypeAliasShortNameIndex, org.jetbrains.kotlin.idea.stubindex.KotlinFilePartClassIndex, dom.elementClass, KotlinProbablyContractedFunctionShortNameIndex, KotlinTopLevelPropertyByPackageIndex, java.unnamed.class, KotlinTopLevelTypeAliasByPackageIndex, java.annotations, org.jetbrains.kotlin.idea.stubindex.KotlinExactPackagesIndex, markdown.header.anchor, markdown.header, org.jetbrains.kotlin.idea.stubindex.KotlinFunctionShortNameIndex, org.jetbrains.kotlin.idea.stubindex.KotlinSuperClassIndex, org.jetbrains.kotlin.idea.stubindex.KotlinInnerTypeAliasClassIdIndex, org.jetbrains.kotlin.idea.stubindex.KotlinPropertyShortNameIndex, gr.class.super, java.method.name, KotlinTopLevelExpectPropertyFqNameIndex, KotlinProbablyNothingPropertyShortNameIndex, gr.field.name, KotlinProbablyInjectedFunctionShortNameIndex, gr.anonymous.class, org.jetbrains.kotlin.idea.stubindex.KotlinSubclassObjectNameIndex, KotlinTypeAliasByExpansionShortNameIndex, org.jetbrains.kotlin.idea.stubindex.KotlinTopLevelFunctionFqnNameIndex, org.jetbrains.kotlin.idea.stubindex.KotlinFileFacadeShortNameIndex, org.jetbrains.kotlin.idea.stubindex.KotlinAnnotationsIndex, jvm.static.member.type, gr.script.fqn.s, org.jetbrains.kotlin.idea.stubindex.KotlinFileFacadeFqNameIndex, java.method.parameter.types, java.field.name, org.jetbrains.kotlin.idea.stubindex.KotlinTopLevelClassByPackageIndex, gr.annot.method.name, org.jetbrains.kotlin.idea.stubindex.KotlinTopLevelTypeAliasFqNameIndex, kotlin.primeIndexKey, KotlinProbablyNothingFunctionShortNameIndex, gr.annot.members, org.jetbrains.kotlin.idea.stubindex.KotlinMultifileClassPartIndex, KotlinTopLevelFunctionByPackageIndex, java.class.extlist, jvm.static.member.name, dom.namespaceKey, java.class.fqn, org.jetbrains.kotlin.idea.stubindex.KotlinJvmNameAnnotationIndex, gr.script.class, KotlinTopLevelExpectFunctionFqNameIndex, KotlinOverridableInternalMembersShortNameIndex, java.record.component.name, org.jetbrains.kotlin.idea.stubindex.KotlinTopLevelPropertyFqnNameIndex, org.jetbrains.kotlin.idea.stubindex.KotlinClassShortNameIndex, gr.method.name, KotlinTopLevelExtensionsByReceiverTypeIndex, KotlinFileFacadeClassByPackageIndex, org.jetbrains.kotlin.idea.stubindex.KotlinScriptFqnIndex, KotlinExtensionsInObjectsByReceiverTypeIndex}.
2026-09-17 15:31:19,910 [   2209]   INFO - #c.i.i.p.m.MarketplaceRequests - Error reading Marketplace file: javax.net.ssl.SSLHandshakeException: (certificate_unknown) PKIX path building failed: sun.security.provider.certpath.SunCertPathBuilderException: unable to find valid certification path to requested target (file=/Users/snagar/notes-plugin/.intellijPlatform/sandbox/notes-plugin/AI-AI-261.26222.65.2614.16204760/system_runIde/plugins/pluginsXMLIds.json URL=https://plugins.jetbrains.com/files/pluginsXMLIds.json)
2026-09-17 15:31:19,910 [   2209]   INFO - #c.i.i.p.m.MarketplaceRequests - Cannot get plugins from Marketplace: (certificate_unknown) PKIX path building failed: sun.security.provider.certpath.SunCertPathBuilderException: unable to find valid certification path to requested target
2026-09-17 15:31:27,321 [   9620]   INFO - #com.google.aiplugin.rag.doc.KbPrebuiltIndexerService$Companion - Opening prebuilt AKB index KbZip(DOWNLOADED, v=1, buildCl=886493695) /Users/snagar/notes-plugin/.intellijPlatform/sandbox/notes-plugin/AI-AI-261.26222.65.2614.16204760/system_runIde/caches/gemini/kb/dac.zip
2026-09-17 15:31:27,327 [   9626]   INFO - #c.i.o.v.n.p.FSRecords - VFS health-check enabled: first after 600000 ms, and each following 43200000 ms, wrap in RA: true
2026-09-17 15:31:27,338 [   9637]   INFO - #c.i.s.c.m.SettingsRepositoryToSettingsSyncMigration - No data from settingsRepository in 'settingsRepository' folder => no migration needed
2026-09-17 15:31:27,365 [   9664]   INFO - #c.i.o.u.r.RegistryValue - Registry value 'gradle.phased.sync.enabled' has changed to 'false' by SYSTEM
2026-09-17 15:31:27,368 [   9667]   INFO - #c.i.o.u.r.RegistryValue - Registry value 'gradle.phased.sync.bridge.disabled' has changed to 'false' by SYSTEM
2026-09-17 15:31:27,383 [   9682]   INFO - #c.i.i.s.e.StatisticsEventLoggerProvider - Initialize event logger provider for 'MP'
2026-09-17 15:31:27,385 [   9684]   INFO - #c.i.c.m.CodeInsightContextEnabling - multiverse is enabled
2026-09-17 15:31:27,387 [   9686]   INFO - #o.j.i.BuiltInServerManager - built-in server started, port 63342
2026-09-17 15:31:27,388 [   9687]   INFO - #c.i.i.s.e.StatisticsEventLoggerProvider - Initialize event logger provider for 'TRACE'
2026-09-17 15:31:27,390 [   9689]   INFO - #c.i.i.s.e.StatisticsEventLoggerProvider - Initialize event logger provider for 'ML'
2026-09-17 15:31:27,392 [   9691]   INFO - #c.i.i.s.e.StatisticsEventLoggerProvider - Initialize event logger provider for 'FUS'
2026-09-17 15:31:27,394 [   9693]   INFO - #c.i.i.s.e.StatisticsEventLoggerProvider - Initialize event logger provider for 'FUS'
2026-09-17 15:31:27,396 [   9695]   INFO - #o.j.k.i.script - [KOTLIN_SCRIPTING] Loading script definitions: classes=[], classpath=[]
2026-09-17 15:31:27,434 [   9733]   INFO - #c.i.o.u.i.UpdateCheckerService - channel: release
2026-09-17 15:31:27,436 [   9735]   INFO - #c.i.o.u.i.UpdateCheckerService - channel set to 'release' by com.android.tools.idea.AndroidStudioUpdateStrategyCustomization
2026-09-17 15:31:27,441 [   9740]   INFO - #c.i.o.u.i.ExternalUpdateManager - update manager: false
2026-09-17 15:31:27,444 [   9743]   INFO - #c.i.p.j.JdkEx - === TabbingMode: available ===
2026-09-17 15:31:27,445 [   9744]   INFO - #c.i.u.m.MergeAllWindowsAction - === FullScreenTabSupport: frames: 0 ===
2026-09-17 15:31:27,446 [   9745]   INFO - #c.i.u.i.HttpRequests - Application is not initialized yet; Using default SSL configuration to connect to https://dl.google.com/android/studio/patches/updates.xml?uid=217e69a2-5d89-4c77-a79e-b1c90cdd3c68&os=Mac%20OS%20X%2026.6.2&manager=false&build=AI-261.26222.65.2614.16204760
2026-09-17 15:31:27,446 [   9745]   INFO - #c.i.l.LocalizationStateServiceImpl - [i18n] Localization property from registry is null
2026-09-17 15:31:27,458 [   9757]   INFO - #o.j.k.i.script - [KOTLIN_SCRIPTING] processing definitions provider com.android.tools.idea.script.IdeScriptDefinitionProvider
2026-09-17 15:31:27,472 [   9771]   INFO - #c.i.u.m.t.TouchbarSupport - touchbar disabled: registry
2026-09-17 15:31:27,477 [   9776]   INFO - #com.android.tools.idea.tracer.StudioTracingController$Companion - Tracing Driver initialized and disabled.
2026-09-17 15:31:27,582 [   9881]   INFO - #c.i.o.a.i.NonBlockingReadActionImpl - OTel monitoring for NonBlockingReadAction is enabled
2026-09-17 15:31:27,590 [   9889]   INFO - #o.j.a.s.AndroidSdkUtils - Found Studio home directory at: '/Applications/Android Studio.app/Contents'
2026-09-17 15:31:27,590 [   9889]   INFO - #o.j.a.s.AndroidSdkUtils - Looking for Android SDK at '/Applications/Android Studio.app/Contents/sdk'
2026-09-17 15:31:27,590 [   9889]   INFO - #o.j.a.s.AndroidSdkUtils - Looking for Android SDK at '/Applications/Android Studio.app/sdk'
2026-09-17 15:31:27,590 [   9889]   INFO - #o.j.a.s.AndroidSdkUtils - Unable to locate SDK within the Android studio installation.
2026-09-17 15:31:27,590 [   9889]   INFO - #o.j.a.s.AndroidSdkUtils - Examined and not found a valid Android SDK path: ANDROID_HOME environment variable
2026-09-17 15:31:27,590 [   9889]   INFO - #o.j.a.s.AndroidSdkUtils - Examined and not found a valid Android SDK path: ANDROID_SDK_ROOT environment variable
2026-09-17 15:31:27,591 [   9890]   INFO - #o.j.a.s.AndroidSdkUtils - Using default SDK path: /Users/snagar/Library/Android/sdk
2026-09-17 15:31:27,718 [  10017]   INFO - #com.android.tools.idea.progress.RawProgressReporterAdapter - Downloading https://dl.google.com/android/repository/addons_list-7.xml
2026-09-17 15:31:27,719 [  10018]   INFO - #c.i.u.i.HttpRequests - Application is not initialized yet; Using default SSL configuration to connect to https://dl.google.com/android/repository/addons_list-7.xml
2026-09-17 15:31:28,537 [  10836]   INFO - #com.android.tools.idea.progress.RawProgressReporterAdapter - Downloading https://dl.google.com/android/repository/sys-img/android/sys-img2-5.xml
2026-09-17 15:31:28,538 [  10837]   INFO - #com.android.tools.idea.progress.RawProgressReporterAdapter - Downloading https://dl.google.com/android/repository/repository2-3.xml
2026-09-17 15:31:28,538 [  10837]   INFO - #com.android.tools.idea.progress.RawProgressReporterAdapter - Downloading https://dl.google.com/android/repository/repository2-4.xml
2026-09-17 15:31:28,538 [  10837]   INFO - #com.android.tools.idea.progress.RawProgressReporterAdapter - Downloading https://dl.google.com/android/repository/sys-img/android-desktop/sys-img2-5.xml
2026-09-17 15:31:28,538 [  10837]   INFO - #com.android.tools.idea.progress.RawProgressReporterAdapter - Downloading https://dl.google.com/android/repository/sys-img/android-automotive-distantdisplay/sys-img2-5.xml
2026-09-17 15:31:28,539 [  10838]   INFO - #com.android.tools.idea.progress.RawProgressReporterAdapter - Downloading https://dl.google.com/android/repository/sys-img/android-tv/sys-img2-5.xml
2026-09-17 15:31:28,539 [  10838]   INFO - #com.android.tools.idea.progress.RawProgressReporterAdapter - Downloading https://dl.google.com/android/repository/sys-img/aosp_atd/sys-img2-5.xml
2026-09-17 15:31:28,539 [  10838]   INFO - #com.android.tools.idea.progress.RawProgressReporterAdapter - Downloading https://dl.google.com/android/repository/sys-img/android-wear-cn/sys-img2-5.xml
2026-09-17 15:31:28,539 [  10838]   INFO - #com.android.tools.idea.progress.RawProgressReporterAdapter - Downloading https://dl.google.com/android/repository/sys-img/google_atd/sys-img2-5.xml
2026-09-17 15:31:28,539 [  10838]   INFO - #com.android.tools.idea.progress.RawProgressReporterAdapter - Downloading https://dl.google.com/android/repository/sys-img/android-wear/sys-img2-5.xml
2026-09-17 15:31:28,539 [  10838]   INFO - #com.android.tools.idea.progress.RawProgressReporterAdapter - Downloading https://dl.google.com/android/repository/sys-img/google-tv/sys-img2-5.xml
2026-09-17 15:31:28,539 [  10838]   INFO - #com.android.tools.idea.progress.RawProgressReporterAdapter - Downloading https://dl.google.com/android/repository/sys-img/android-automotive/sys-img2-5.xml
2026-09-17 15:31:28,539 [  10838]   INFO - #com.android.tools.idea.progress.RawProgressReporterAdapter - Downloading https://dl.google.com/android/repository/sys-img/google_apis/sys-img2-5.xml
2026-09-17 15:31:28,539 [  10838]   INFO - #com.android.tools.idea.progress.RawProgressReporterAdapter - Downloading https://dl.google.com/android/repository/sys-img/google_apis_playstore/sys-img2-5.xml
2026-09-17 15:31:28,539 [  10838]   INFO - #com.android.tools.idea.progress.RawProgressReporterAdapter - Downloading https://dl.google.com/android/repository/sys-img/aosp_tablet/sys-img2-5.xml
2026-09-17 15:31:28,539 [  10838]   INFO - #com.android.tools.idea.progress.RawProgressReporterAdapter - Downloading https://dl.google.com/android/repository/sys-img/google_apis_tablet/sys-img2-5.xml
2026-09-17 15:31:28,539 [  10838]   INFO - #com.android.tools.idea.progress.RawProgressReporterAdapter - Downloading https://dl.google.com/android/repository/sys-img/google_playstore_tablet/sys-img2-5.xml
2026-09-17 15:31:28,539 [  10838]   INFO - #com.android.tools.idea.progress.RawProgressReporterAdapter - Downloading https://dl.google.com/android/repository/addon2-4.xml
2026-09-17 15:31:28,539 [  10838]   INFO - #com.android.tools.idea.progress.RawProgressReporterAdapter - Downloading https://dl.google.com/android/repository/sys-img/google_xr/sys-img2-5.xml
2026-09-17 15:31:28,539 [  10838]   INFO - #com.android.tools.idea.progress.RawProgressReporterAdapter - Downloading https://dl.google.com/android/repository/glass/addon2-4.xml
2026-09-17 15:31:30,854 [  13153]   WARN - com.android.sdklib.devices.DeviceManager - Unsupported device desktop_api37
2026-09-17 15:31:30,860 [  13159]   WARN - com.android.sdklib.devices.DeviceManager - Unsupported device ai_glasses_device
2026-09-17 15:31:30,860 [  13159]   WARN - com.android.sdklib.devices.DeviceManager - Unsupported device ai_glasses_displayless
2026-09-17 15:31:30,860 [  13159]   WARN - com.android.sdklib.devices.DeviceManager - Unsupported device xr_glasses_device
2026-09-17 15:31:32,557 [  14856]   INFO - #c.i.i.p.m.MarketplaceRequests - Looking for the last compatible plugin updates for:
[]
send machine ID: true
2026-09-17 15:31:32,565 [  14864]   INFO - #com.android.tools.idea.updater.SdkComponentSource - Downloading https://dl.google.com/android/repository/sys-img/android/sys-img2-5.xml
2026-09-17 15:31:32,565 [  14864]   INFO - #com.android.tools.idea.updater.SdkComponentSource - Downloading https://dl.google.com/android/repository/sys-img/android-tv/sys-img2-5.xml
2026-09-17 15:31:32,565 [  14864]   INFO - #com.android.tools.idea.updater.SdkComponentSource - Downloading https://dl.google.com/android/repository/repository2-3.xml
2026-09-17 15:31:32,566 [  14865]   INFO - #com.android.tools.idea.updater.SdkComponentSource - Downloading https://dl.google.com/android/repository/repository2-4.xml
2026-09-17 15:31:32,566 [  14865]   INFO - #com.android.tools.idea.updater.SdkComponentSource - Downloading https://dl.google.com/android/repository/sys-img/android-automotive/sys-img2-5.xml
2026-09-17 15:31:32,566 [  14865]   INFO - #com.android.tools.idea.updater.SdkComponentSource - Downloading https://dl.google.com/android/repository/sys-img/android-automotive-distantdisplay/sys-img2-5.xml
2026-09-17 15:31:32,566 [  14865]   INFO - #com.android.tools.idea.updater.SdkComponentSource - Downloading https://dl.google.com/android/repository/sys-img/android-wear-cn/sys-img2-5.xml
2026-09-17 15:31:32,566 [  14865]   INFO - #com.android.tools.idea.updater.SdkComponentSource - Downloading https://dl.google.com/android/repository/sys-img/google_apis/sys-img2-5.xml
2026-09-17 15:31:32,566 [  14865]   INFO - #com.android.tools.idea.updater.SdkComponentSource - Downloading https://dl.google.com/android/repository/sys-img/android-desktop/sys-img2-5.xml
2026-09-17 15:31:32,566 [  14865]   INFO - #com.android.tools.idea.updater.SdkComponentSource - Downloading https://dl.google.com/android/repository/sys-img/google_apis_playstore/sys-img2-5.xml
2026-09-17 15:31:32,566 [  14865]   INFO - #com.android.tools.idea.updater.SdkComponentSource - Downloading https://dl.google.com/android/repository/sys-img/android-wear/sys-img2-5.xml
2026-09-17 15:31:32,566 [  14865]   INFO - #com.android.tools.idea.updater.SdkComponentSource - Downloading https://dl.google.com/android/repository/sys-img/google-tv/sys-img2-5.xml
2026-09-17 15:31:32,566 [  14865]   INFO - #com.android.tools.idea.updater.SdkComponentSource - Downloading https://dl.google.com/android/repository/sys-img/google_atd/sys-img2-5.xml
2026-09-17 15:31:32,566 [  14865]   INFO - #com.android.tools.idea.updater.SdkComponentSource - Downloading https://dl.google.com/android/repository/sys-img/aosp_atd/sys-img2-5.xml
2026-09-17 15:31:32,567 [  14866]   INFO - #com.android.tools.idea.updater.SdkComponentSource - Downloading https://dl.google.com/android/repository/sys-img/google_apis_tablet/sys-img2-5.xml
2026-09-17 15:31:32,567 [  14866]   INFO - #com.android.tools.idea.updater.SdkComponentSource - Downloading https://dl.google.com/android/repository/sys-img/google_xr/sys-img2-5.xml
2026-09-17 15:31:32,567 [  14866]   INFO - #com.android.tools.idea.updater.SdkComponentSource - Downloading https://dl.google.com/android/repository/sys-img/google_playstore_tablet/sys-img2-5.xml
2026-09-17 15:31:32,567 [  14866]   INFO - #com.android.tools.idea.updater.SdkComponentSource - Downloading https://dl.google.com/android/repository/sys-img/aosp_tablet/sys-img2-5.xml
2026-09-17 15:31:32,567 [  14866]   INFO - #com.android.tools.idea.updater.SdkComponentSource - Downloading https://dl.google.com/android/repository/addon2-4.xml
2026-09-17 15:31:32,567 [  14866]   INFO - #com.android.tools.idea.updater.SdkComponentSource - Downloading https://dl.google.com/android/repository/glass/addon2-4.xml
2026-09-17 15:31:40,846 [  23145]   INFO - #c.i.a.o.PathMacrosImpl - Saved path macros: {}
2026-09-17 15:31:40,847 [  23146]   INFO - #c.i.c.ComponentStoreImpl - Saving appDaemonCodeAnalyzerSettings took 11 ms
2026-09-17 15:32:40,435 [  82734]   INFO - #c.i.u.i.FileBasedIndexImpl - Index dispose started
2026-09-17 15:32:40,438 [  82737]   INFO - #c.i.u.i.PersistentDirtyFilesQueue - Dirty file ids stored. Size: 0. Index: 0 Path: /Users/snagar/notes-plugin/.intellijPlatform/sandbox/notes-plugin/AI-AI-261.26222.65.2614.16204760/system_runIde/index/dirty-file-ids
2026-09-17 15:32:40,455 [  82754]   INFO - #c.i.p.s.StubIndexImpl - StubIndexExtension-s were unloaded
2026-09-17 15:32:40,455 [  82754]   INFO - #c.i.p.s.SerializationManagerImpl - Start shutting down /Users/snagar/notes-plugin/.intellijPlatform/sandbox/notes-plugin/AI-AI-261.26222.65.2614.16204760/system_runIde/index/rep.names
2026-09-17 15:32:40,455 [  82754]   INFO - #c.i.p.s.SerializationManagerImpl - Finished shutting down /Users/snagar/notes-plugin/.intellijPlatform/sandbox/notes-plugin/AI-AI-261.26222.65.2614.16204760/system_runIde/index/rep.names
2026-09-17 15:32:40,455 [  82754]   INFO - #c.i.u.i.FileBasedIndexImpl - Index dispose completed in 20ms.
2026-09-17 15:32:40,456 [  82755]   INFO - #c.i.o.v.n.p.PersistentFSImpl - VFS dispose started
2026-09-17 15:32:40,457 [  82756]   INFO - #c.i.o.v.n.p.FSRecordsImpl - VFS closing
2026-09-17 15:32:40,458 [  82757]   INFO - #c.i.o.v.n.p.PersistentFSImpl - VFS dispose completed in 1 ms.
2026-09-17 15:32:40,472 [  82771]   INFO - #c.i.p.i.b.AppStarter - ------------------------------------------------------ IDE SHUTDOWN ------------------------------------------------------
2026-09-17 16:04:10,414 [      5]   INFO - #c.i.p.i.b.AppStarter - ------------------------------------------------------ IDE STARTED ------------------------------------------------------
2026-09-17 16:04:10,419 [     10]   INFO - #c.i.p.i.b.AppStarter - skipping shell environment: the IDE is likely launched from a terminal (SHLVL=1)
2026-09-17 16:04:10,420 [     11]   INFO - #c.i.p.i.b.AppStarter - Will skip the config import to directory "/Users/snagar/notes-plugin/.intellijPlatform/sandbox/notes-plugin/AI-AI-261.26222.65.2614.16204760/config_runIde" (exists = true). Current entries: "options", "ssl", "updatedBrokenPlugins.db", "bundled_plugins.txt", "disabled_plugins.txt", "early-access-registry.txt", "app-internal-state.db".
2026-09-17 16:04:10,428 [     19]   INFO - #c.i.p.i.b.AppStarter - JNA library (64-bit) loaded in 10 ms
2026-09-17 16:04:10,433 [     24]   INFO - #c.i.p.i.b.AppStarter - IDE: Android Studio (build #AI-261.26222.65.2614.16204760, Fri, 28 Aug 2026 14:05:00 GMT)
2026-09-17 16:04:10,434 [     25]   INFO - #c.i.p.i.b.AppStarter - OS: macOS (26.6.2)
2026-09-17 16:04:10,434 [     25]   INFO - #c.i.p.i.b.AppStarter - JRE: 25.0.3+-15898627-b508.16, aarch64 (JetBrains s.r.o.)
2026-09-17 16:04:10,434 [     25]   INFO - #c.i.p.i.b.AppStarter - JVM: 25.0.3+-15898627-b508.16 (OpenJDK 64-Bit Server VM)
2026-09-17 16:04:10,434 [     25]   INFO - #c.i.p.i.b.AppStarter - PID: 58714
2026-09-17 16:04:10,441 [     32]   INFO - #c.i.p.i.b.AppStarter - JVM options: [-Daether.connector.resumeDownloads=false, -Dapple.awt.application.appearance=system, -Dapple.awt.fileDialogForDirectories=true, -Dapple.laf.useScreenMenuBar=true, -Dcompose.swing.render.on.graphics=true, -Dflags.configuration.level=COMPLETE, -Dflags.debug.enabled=false, -Dide.native.launcher=false, -Dide.no.platform.update=false, -Didea.auto.reload.plugins=true, -Didea.classpath.index.enabled=false, -Didea.config.path=/Users/snagar/notes-plugin/.intellijPlatform/sandbox/notes-plugin/AI-AI-261.26222.65.2614.16204760/config_runIde, -Didea.is.internal=true, -Didea.log.path=/Users/snagar/notes-plugin/.intellijPlatform/sandbox/notes-plugin/AI-AI-261.26222.65.2614.16204760/log_runIde, -Didea.paths.selector=AndroidStudio2026.1.4, -Didea.platform.prefix=AndroidStudio, -Didea.plugin.in.sandbox.mode=true, -Didea.plugins.path=/Users/snagar/notes-plugin/.intellijPlatform/sandbox/notes-plugin/AI-AI-261.26222.65.2614.16204760/plugins_runIde, -Didea.required.plugins.id=com.example.notes, -Didea.reset.classpath.from.manifest=true, -Didea.smooth.progress=false, -Didea.system.path=/Users/snagar/notes-plugin/.intellijPlatform/sandbox/notes-plugin/AI-AI-261.26222.65.2614.16204760/system_runIde, -Didea.vendor.name=Google, -Dij.startup.error.handler.class=com.intellij.platform.ide.bootstrap.StudioStartupErrorHandler, -Dintellij.console.log.level=warning, -Dintellij.platform.runtime.repository.path=/Applications/Android Studio.app/Contents/modules/module-descriptors.dat, -Dio.netty.allocator.type=pooled, -Djava.nio.file.spi.DefaultFileSystemProvider=com.intellij.platform.core.nio.fs.MultiRoutingFileSystemProvider, -Djava.system.class.loader=com.intellij.util.lang.PathClassLoader, -Djava.util.zip.use.nio.for.zip.file.access=true, -Djbr.catch.SIGABRT=true, -Djdk.attach.allowAttachSelf=true, -Djdk.http.auth.tunneling.disabledSchemes="", -Djdk.module.illegalAccess.silent=true, -Djdk.nio.maxCachedBufferSize=2097152, -Djna.boot.library.path=/Applications/Android Studio.app/Contents/lib/jna/aarch64, -Djna.noclasspath=true, -Djna.nosys=true, -Dplugin.path=/Users/snagar/notes-plugin/.intellijPlatform/sandbox/notes-plugin/AI-AI-261.26222.65.2614.16204760/plugins_runIde/notes-plugin, -Dpty4j.preferred.native.folder=/Applications/Android Studio.app/Contents/lib/pty4j, -Dskiko.library.path=/Applications/Android Studio.app/Contents/lib/skiko-awt-runtime-all, -Dskiko.rendering.useScreenMenuBar=false, -Dsplash=true, -Dsun.io.useCanonCaches=false, -Dsun.java2d.metal=true, -XX:JbrShrinkingGcMaxHeapFreeRatio=40, -XX:ReservedCodeCacheSize=512m, -XX:+HeapDumpOnOutOfMemoryError, -XX:-OmitStackTraceInFastThrow, -XX:CICompilerCount=2, -XX:+IgnoreUnrecognizedVMOptions, -XX:+UnlockDiagnosticVMOptions, -XX:TieredOldPercentage=100000, -Xbootclasspath/a:/Applications/Android Studio.app/Contents/lib/nio-fs.jar, -XX:FlightRecorderOptions=stackdepth=256, --add-opens=java.base/sun.net.www.protocol.https=ALL-UNNAMED, -XX:CompileCommand=exclude,org.jetbrains.kotlin.serialization.deserialization.TypeDeserializer::simpleType, -XX:CompileCommand=exclude,org.jetbrains.kotlin.serialization.deserialization.TypeDeserializer::toAttributes, --enable-native-access=ALL-UNNAMED, --add-opens=java.base/java.io=ALL-UNNAMED, --add-opens=java.base/java.lang=ALL-UNNAMED, --add-opens=java.base/java.lang.ref=ALL-UNNAMED, --add-opens=java.base/java.lang.reflect=ALL-UNNAMED, --add-opens=java.base/java.net=ALL-UNNAMED, --add-opens=java.base/java.nio=ALL-UNNAMED, --add-opens=java.base/java.nio.charset=ALL-UNNAMED, --add-opens=java.base/java.text=ALL-UNNAMED, --add-opens=java.base/java.time=ALL-UNNAMED, --add-opens=java.base/java.util=ALL-UNNAMED, --add-opens=java.base/java.util.concurrent=ALL-UNNAMED, --add-opens=java.base/java.util.concurrent.atomic=ALL-UNNAMED, --add-opens=java.base/java.util.concurrent.locks=ALL-UNNAMED, --add-opens=java.base/jdk.internal.ref=ALL-UNNAMED, --add-opens=java.base/jdk.internal.vm=ALL-UNNAMED, --add-opens=java.base/sun.net.dns=ALL-UNNAMED, --add-opens=java.base/sun.nio=ALL-UNNAMED, --add-opens=java.base/sun.nio.ch=ALL-UNNAMED, --add-opens=java.base/sun.nio.fs=ALL-UNNAMED, --add-opens=java.base/sun.security.ssl=ALL-UNNAMED, --add-opens=java.base/sun.security.util=ALL-UNNAMED, --add-opens=java.desktop/com.apple.eawt=ALL-UNNAMED, --add-opens=java.desktop/com.apple.eawt.event=ALL-UNNAMED, --add-opens=java.desktop/com.apple.laf=ALL-UNNAMED, --add-opens=java.desktop/com.sun.java.swing=ALL-UNNAMED, --add-opens=java.desktop/java.awt=ALL-UNNAMED, --add-opens=java.desktop/java.awt.dnd.peer=ALL-UNNAMED, --add-opens=java.desktop/java.awt.event=ALL-UNNAMED, --add-opens=java.desktop/java.awt.font=ALL-UNNAMED, --add-opens=java.desktop/java.awt.image=ALL-UNNAMED, --add-opens=java.desktop/java.awt.peer=ALL-UNNAMED, --add-opens=java.desktop/javax.swing=ALL-UNNAMED, --add-opens=java.desktop/javax.swing.plaf.basic=ALL-UNNAMED, --add-opens=java.desktop/javax.swing.text=ALL-UNNAMED, --add-opens=java.desktop/javax.swing.text.html=ALL-UNNAMED, --add-opens=java.desktop/javax.swing.text.html.parser=ALL-UNNAMED, --add-opens=java.desktop/sun.awt=ALL-UNNAMED, --add-opens=java.desktop/sun.awt.datatransfer=ALL-UNNAMED, --add-opens=java.desktop/sun.awt.image=ALL-UNNAMED, --add-opens=java.desktop/sun.font=ALL-UNNAMED, --add-opens=java.desktop/sun.java2d=ALL-UNNAMED, --add-opens=java.desktop/sun.lwawt=ALL-UNNAMED, --add-opens=java.desktop/sun.lwawt.macosx=ALL-UNNAMED, --add-opens=java.desktop/sun.swing=ALL-UNNAMED, --add-opens=java.management/sun.management=ALL-UNNAMED, --add-opens=jdk.attach/sun.tools.attach=ALL-UNNAMED, --add-opens=jdk.compiler/com.sun.tools.javac.api=ALL-UNNAMED, --add-opens=jdk.internal.jvmstat/sun.jvmstat.monitor=ALL-UNNAMED, --add-opens=jdk.jdi/com.sun.tools.jdi=ALL-UNNAMED, -Xms256m, -Xmx2048m, -Dfile.encoding=UTF-8, -Duser.country=US, -Duser.language=en, -Duser.variant, -ea]
2026-09-17 16:04:10,442 [     33]   INFO - #c.i.p.i.b.AppStarter - args: 
2026-09-17 16:04:10,442 [     33]   INFO - #c.i.p.i.b.AppStarter - library path: /Users/snagar/Library/Java/Extensions:/Library/Java/Extensions:/Network/Library/Java/Extensions:/System/Library/Java/Extensions:/usr/lib/java:.
2026-09-17 16:04:10,442 [     33]   INFO - #c.i.p.i.b.AppStarter - boot library path: /Applications/Android Studio.app/Contents/jbr/Contents/Home/lib
2026-09-17 16:04:10,442 [     33]   INFO - #c.i.p.i.b.AppStarter - locale=en_US JNU=UTF-8 file.encoding=UTF-8
    idea.home.path=/Applications/Android Studio.app/Contents
    idea.config.path=/Users/snagar/notes-plugin/.intellijPlatform/sandbox/notes-plugin/AI-AI-261.26222.65.2614.16204760/config_runIde
    idea.system.path=/Users/snagar/notes-plugin/.intellijPlatform/sandbox/notes-plugin/AI-AI-261.26222.65.2614.16204760/system_runIde
    idea.plugins.path=/Users/snagar/notes-plugin/.intellijPlatform/sandbox/notes-plugin/AI-AI-261.26222.65.2614.16204760/plugins_runIde
    idea.log.path=/Users/snagar/notes-plugin/.intellijPlatform/sandbox/notes-plugin/AI-AI-261.26222.65.2614.16204760/log_runIde
2026-09-17 16:04:10,443 [     34]   INFO - #c.i.p.i.b.AppStarter - CPU cores: 12; ForkJoinPool.commonPool: java.util.concurrent.ForkJoinPool@4f993fdb[Running, parallelism = 11, size = 0, active = 0, running = 0, steals = 0, tasks = 0, submissions = 0]; factory: com.intellij.concurrency.IdeaForkJoinWorkerThreadFactory@50d6287d
2026-09-17 16:04:10,450 [     41]   WARN - #c.i.i.p.PluginManager - Dist index is missing or corrupted; an OLD, DEPRECATED, SOON-TO-BE-REMOVED implementation will be used
2026-09-17 16:04:10,605 [    196]   INFO - #c.i.i.p.PluginManager - Using cached broken plugins file
2026-09-17 16:04:10,651 [    242]   WARN - #c.i.i.p.PluginManager - intellij.cidr.util.ui has accessibility problem which is currently ignored: it has no namespace specified and depends on module 'intellij.cidr.util' which is registered in 'com.intellij.cidr.base' plugin with internal visibility in unspecified namespace
2026-09-17 16:04:10,651 [    242]   WARN - #c.i.i.p.PluginManager - intellij.cidr.util.serializer has accessibility problem which is currently ignored: it has no namespace specified and depends on module 'intellij.cidr.util' which is registered in 'com.intellij.cidr.base' plugin with internal visibility in unspecified namespace
2026-09-17 16:04:10,651 [    242]   WARN - #c.i.i.p.PluginManager - intellij.cidr.lang.base has accessibility problem which is currently ignored: it has no namespace specified and depends on module 'intellij.cidr.core' which is registered in 'com.intellij.cidr.debugger' plugin with internal visibility in namespace 'jetbrains'
2026-09-17 16:04:10,651 [    242]   WARN - #c.i.i.p.PluginManager - intellij.cidr.lang.base has accessibility problem which is currently ignored: it has no namespace specified and depends on module 'intellij.cidr.util' which is registered in 'com.intellij.cidr.base' plugin with internal visibility in unspecified namespace
2026-09-17 16:04:10,651 [    242]   WARN - #c.i.i.p.PluginManager - intellij.cidr.projectModel has accessibility problem which is currently ignored: it has no namespace specified and depends on module 'intellij.cidr.core' which is registered in 'com.intellij.cidr.debugger' plugin with internal visibility in namespace 'jetbrains'
2026-09-17 16:04:10,651 [    242]   WARN - #c.i.i.p.PluginManager - intellij.cidr.projectModel has accessibility problem which is currently ignored: it has no namespace specified and depends on module 'intellij.cidr.util' which is registered in 'com.intellij.cidr.base' plugin with internal visibility in unspecified namespace
2026-09-17 16:04:10,652 [    243]   WARN - #c.i.i.p.PluginManager - intellij.cidr.projectModel has accessibility problem which is currently ignored: it has no namespace specified and depends on module 'intellij.cidr.util.serializer' which is registered in 'com.intellij.cidr.base' plugin with internal visibility in unspecified namespace
2026-09-17 16:04:10,652 [    243]   WARN - #c.i.i.p.PluginManager - intellij.cidr.workspaceModel has accessibility problem which is currently ignored: it has no namespace specified and depends on module 'intellij.cidr.core' which is registered in 'com.intellij.cidr.debugger' plugin with internal visibility in namespace 'jetbrains'
2026-09-17 16:04:10,652 [    243]   WARN - #c.i.i.p.PluginManager - intellij.cidr.workspaceModel has accessibility problem which is currently ignored: it has no namespace specified and depends on module 'intellij.cidr.util' which is registered in 'com.intellij.cidr.base' plugin with internal visibility in unspecified namespace
2026-09-17 16:04:10,652 [    243]   WARN - #c.i.i.p.PluginManager - intellij.cidr.execution has accessibility problem which is currently ignored: it has no namespace specified and depends on module 'intellij.cidr.core' which is registered in 'com.intellij.cidr.debugger' plugin with internal visibility in namespace 'jetbrains'
2026-09-17 16:04:10,652 [    243]   WARN - #c.i.i.p.PluginManager - intellij.cidr.execution has accessibility problem which is currently ignored: it has no namespace specified and depends on module 'intellij.cidr.util' which is registered in 'com.intellij.cidr.base' plugin with internal visibility in unspecified namespace
2026-09-17 16:04:10,652 [    243]   WARN - #c.i.i.p.PluginManager - intellij.cidr.execution has accessibility problem which is currently ignored: it has no namespace specified and depends on module 'intellij.cidr.util.ui' which is registered in 'com.intellij.cidr.base' plugin with internal visibility in unspecified namespace
2026-09-17 16:04:10,652 [    243]   WARN - #c.i.i.p.PluginManager - intellij.c.core has accessibility problem which is currently ignored: it is from namespace 'jetbrains' and depends on module 'intellij.cidr.util' which is registered in 'com.intellij.cidr.base' plugin with internal visibility in unspecified namespace
2026-09-17 16:04:10,652 [    243]   WARN - #c.i.i.p.PluginManager - intellij.c.core has accessibility problem which is currently ignored: it is from namespace 'jetbrains' and depends on module 'intellij.cidr.util.serializer' which is registered in 'com.intellij.cidr.base' plugin with internal visibility in unspecified namespace
2026-09-17 16:04:10,652 [    243]   WARN - #c.i.i.p.PluginManager - intellij.c.testing has accessibility problem which is currently ignored: it is from namespace 'jetbrains' and depends on module 'intellij.cidr.util.serializer' which is registered in 'com.intellij.cidr.base' plugin with internal visibility in unspecified namespace
2026-09-17 16:04:10,652 [    243]   WARN - #c.i.i.p.PluginManager - intellij.cidr.clangd.core has accessibility problem which is currently ignored: it is from namespace 'jetbrains' and depends on module 'intellij.cidr.util' which is registered in 'com.intellij.cidr.base' plugin with internal visibility in unspecified namespace
2026-09-17 16:04:10,652 [    243]   WARN - #c.i.i.p.PluginManager - intellij.cidr.clangd.core has accessibility problem which is currently ignored: it is from namespace 'jetbrains' and depends on module 'intellij.cidr.util.serializer' which is registered in 'com.intellij.cidr.base' plugin with internal visibility in unspecified namespace
2026-09-17 16:04:10,652 [    243]   WARN - #c.i.i.p.PluginManager - intellij.cidr.clangFormat.common has accessibility problem which is currently ignored: it has no namespace specified and depends on module 'intellij.cidr.clangd.core' which is registered in 'com.intellij.cidr.lang.clangd' plugin with internal visibility in namespace 'jetbrains'
2026-09-17 16:04:10,652 [    243]   WARN - #c.i.i.p.PluginManager - intellij.cidr.clangFormat.common has accessibility problem which is currently ignored: it has no namespace specified and depends on module 'intellij.cidr.util' which is registered in 'com.intellij.cidr.base' plugin with internal visibility in unspecified namespace
2026-09-17 16:04:10,652 [    243]   WARN - #c.i.i.p.PluginManager - intellij.cidr.clangFormat.common has accessibility problem which is currently ignored: it has no namespace specified and depends on module 'intellij.platform.core.impl' which is registered in 'com.intellij' plugin with internal visibility in namespace 'jetbrains'
2026-09-17 16:04:10,652 [    243]   WARN - #c.i.i.p.PluginManager - intellij.cidr.clangFormat.schema has accessibility problem which is currently ignored: it has no namespace specified and depends on module 'intellij.cidr.clangFormat.common' which is registered in 'com.intellij.cidr.base' plugin with internal visibility in unspecified namespace
2026-09-17 16:04:10,652 [    243]   WARN - #c.i.i.p.PluginManager - intellij.cidr.clangd.clangFormat has accessibility problem which is currently ignored: it is from namespace 'jetbrains' and depends on module 'intellij.cidr.clangFormat.common' which is registered in 'com.intellij.cidr.base' plugin with internal visibility in unspecified namespace
2026-09-17 16:04:10,652 [    243]   WARN - #c.i.i.p.PluginManager - intellij.cidr.clangd.legacyBridge has accessibility problem which is currently ignored: it is from namespace 'jetbrains' and depends on module 'intellij.cidr.util' which is registered in 'com.intellij.cidr.base' plugin with internal visibility in unspecified namespace
2026-09-17 16:04:10,652 [    243]   WARN - #c.i.i.p.PluginManager - org.jetbrains.android has accessibility problem which is currently ignored: it has no namespace specified and depends on module 'intellij.libraries.grpc.netty.shaded' which is registered in 'com.intellij' plugin with internal visibility in namespace 'jetbrains'
2026-09-17 16:04:10,653 [    244]   WARN - #c.i.i.p.PluginManager - org.jetbrains.android has accessibility problem which is currently ignored: it has no namespace specified and depends on module 'intellij.settingsSync.core' which is registered in 'com.intellij' plugin with internal visibility in namespace 'jetbrains'
2026-09-17 16:04:10,653 [    244]   WARN - #c.i.i.p.PluginManager - org.jetbrains.android has accessibility problem which is currently ignored: it depends on module 'intellij.java.debugger.impl.backend' which private visibility in 'com.intellij.java' plugin
2026-09-17 16:04:10,653 [    244]   WARN - #c.i.i.p.PluginManager - org.jetbrains.android has accessibility problem which is currently ignored: it has no namespace specified and depends on module 'intellij.platform.debugger.impl.frontend' which is registered in 'com.intellij' plugin with internal visibility in namespace 'jetbrains'
2026-09-17 16:04:10,653 [    244]   WARN - #c.i.i.p.PluginManager - org.jetbrains.android has accessibility problem which is currently ignored: it has no namespace specified and depends on module 'intellij.platform.diagnostic.freezeAnalyzer' which is registered in 'com.intellij' plugin with internal visibility in namespace 'jetbrains'
2026-09-17 16:04:10,653 [    244]   WARN - #c.i.i.p.PluginManager - org.jetbrains.android has accessibility problem which is currently ignored: it depends on module 'intellij.java.debugger.impl.frontend' which private visibility in 'com.intellij.java' plugin
2026-09-17 16:04:10,654 [    245]   WARN - #c.i.i.p.PluginManager - org.jetbrains.android has accessibility problem which is currently ignored: it depends on module 'intellij.platform.images.xdebugger' which private visibility in 'com.intellij.platform.images' plugin
2026-09-17 16:04:10,654 [    245]   WARN - #c.i.i.p.PluginManager - org.jetbrains.android has accessibility problem which is currently ignored: it has no namespace specified and depends on module 'intellij.platform.debugger.impl.backend' which is registered in 'com.intellij' plugin with internal visibility in namespace 'jetbrains'
2026-09-17 16:04:10,654 [    245]   WARN - #c.i.i.p.PluginManager - androidx.compose.plugins.idea has accessibility problem which is currently ignored: it depends on module 'intellij.compose.ide.plugin.gradleTooling.rt' which private visibility in 'com.intellij.compose' plugin
2026-09-17 16:04:10,654 [    245]   WARN - #c.i.i.p.PluginManager - androidx.compose.plugins.idea has accessibility problem which is currently ignored: it depends on module 'intellij.compose.ide.plugin.shared' which private visibility in 'com.intellij.compose' plugin
2026-09-17 16:04:10,654 [    245]   WARN - #c.i.i.p.PluginManager - com.android.tools.ndk has accessibility problem which is currently ignored: it has no namespace specified and depends on module 'intellij.c.debugger' which is registered in 'com.intellij.cidr.lang' plugin with internal visibility in namespace 'jetbrains'
2026-09-17 16:04:10,654 [    245]   WARN - #c.i.i.p.PluginManager - com.android.tools.ndk has accessibility problem which is currently ignored: it has no namespace specified and depends on module 'intellij.cidr.clangd.core' which is registered in 'com.intellij.cidr.lang.clangd' plugin with internal visibility in namespace 'jetbrains'
2026-09-17 16:04:10,654 [    245]   WARN - #c.i.i.p.PluginManager - com.google.services.firebase has accessibility problem which is currently ignored: it has no namespace specified and depends on module 'intellij.libraries.grpc.netty.shaded' which is registered in 'com.intellij' plugin with internal visibility in namespace 'jetbrains'
2026-09-17 16:04:10,654 [    245]   WARN - #c.i.i.p.PluginManager - com.google.tools.ij.aiplugin has accessibility problem which is currently ignored: it has no namespace specified and depends on module 'intellij.libraries.grpc.netty.shaded' which is registered in 'com.intellij' plugin with internal visibility in namespace 'jetbrains'
2026-09-17 16:04:10,654 [    245]   WARN - #c.i.i.p.PluginManager - com.google.gct.directaccess has accessibility problem which is currently ignored: it has no namespace specified and depends on module 'intellij.libraries.grpc.netty.shaded' which is registered in 'com.intellij' plugin with internal visibility in namespace 'jetbrains'
2026-09-17 16:04:10,654 [    245]   INFO - #c.i.i.p.PluginManager - Plugin set resolution:
Module intellij.sh.python is not enabled because dependency com.intellij.modules.python is not available
Module intellij.xml.langInjection.xpath is not enabled because dependency XPathView is not available
Module intellij.compose.ide.plugin.k1 is not enabled because dependency com.intellij.modules.kotlin.k1 is not available
Module intellij.kotlin.maven is not enabled because dependency org.jetbrains.idea.maven is not available
Module intellij.kotlin.compilerPlugins.support.maven is not enabled because dependency intellij.kotlin.maven is not available
Module intellij.kotlin.compilerPlugins.assignment.maven is not enabled because dependency intellij.kotlin.maven is not available
Module intellij.kotlin.compilerPlugins.lombok.maven is not enabled because dependency intellij.kotlin.maven is not available
Module intellij.kotlin.compilerPlugins.dataframe.maven is not enabled because dependency intellij.kotlin.maven is not available
Module intellij.kotlin.compilerPlugins.serialization.maven is not enabled because dependency intellij.kotlin.maven is not available
Module intellij.kotlin.compilerPlugins.samWithReceiver.maven is not enabled because dependency intellij.kotlin.maven is not available
Module intellij.kotlin.compilerPlugins.noarg.maven is not enabled because dependency intellij.kotlin.maven is not available
Module intellij.kotlin.compilerPlugins.allopen.maven is not enabled because dependency intellij.kotlin.maven is not available
Module intellij.kotlin.onboarding.maven is not enabled because dependency intellij.kotlin.maven is not available
Module intellij.java.promo is not enabled because dependency com.intellij.modules.idea.community is not available
Module intellij.java.featuresTrainer is not enabled because dependency training is not available
Module intellij.java.ide.customization.training is not enabled because dependency intellij.java.featuresTrainer is not available
Module intellij.kotlin.featuresTrainer is not enabled because dependency intellij.java.featuresTrainer is not available
Module intellij.groovy.byteCodeViewer is not enabled because dependency ByteCodeViewer is not available
Module intellij.groovy.ant is not enabled because dependency AntSupport is not available
Module intellij.kotlin.projectWizard.maven is not enabled because dependency org.jetbrains.idea.maven is not available
Module intellij.gradle.java.performance is not enabled because dependency org.jetbrains.idea.maven is not available
2026-09-17 16:04:10,666 [    257]   INFO - #c.i.p.i.b.AppStarter - Loaded bundled plugins: IDEA CORE (261.26222.65), C/C++ Language Support via Classic Engine (261.26222.65.2614.16204760), CIDR Base (261.26222.65.2614.16204760), DevKit Runtime (261.26222.65.2614.16204760), YAML (261.26222.65.2614.16204760), TextMate Bundles (261.26222.65.2614.16204760), Properties (261.26222.65.2614.16204760), JSON (261.26222.65.2614.16204760), Performance Testing (261.26222.65.2614.16204760), Java (261.26222.65.2614.16204760), Terminal (261.26222.65.2614.16204760), Gradle (261.26222.65.2614.16204760), Shell Script (261.26222.65.2614.16204760), CIDR Debugger (261.26222.65.2614.16204760), Markdown (261.26222.65.2614.16204760), Toml (261.26222.65.2614.16204760), Natural Languages (261.26222.65.2614.16204760), Git (261.26222.65.2614.16204760), Copyright (261.26222.65.2614.16204760), Mercurial (261.26222.65.2614.16204760), Modal Commit Interface (261.26222.65.2614.16204760), Configuration Script (261.26222.65.2614.16204760), Machine Learning Code Completion (261.26222.65.2614.16204760), EditorConfig (261.26222.65.2614.16204760), Groovy Live Templates (261.26222.65.2614.16204760), Visual Studio Keymap (261.26222.65.2614.16204760), NetBeans Keymap (261.26222.65.2614.16204760), WebP Support (261.26222.65.2614.16204760), Eclipse Keymap (261.26222.65.2614.16204760), GitHub (261.26222.65.2614.16204760), GitLab (261.26222.65.2614.16204760), Images (261.26222.65.2614.16204760), Java Stream Debugger (261.26222.65.2614.16204760), Compose Multiplatform (261.26222.65.2614.16204760), Kotlin (261.26222.65.2614.16204760-AS), Java IDE Customization (261.26222.65.2614.16204760), Smali Support (261.26222.65.2614.16204760), Java Internationalization (261.26222.65.2614.16204760), TestNG (261.26222.65.2614.16204760), JUnit (261.26222.65.2614.16204760), Groovy (261.26222.65.2614.16204760), Code Coverage for Java (261.26222.65.2614.16204760), Java Bytecode Decompiler (261.26222.65.2614.16204760), Gradle for Java (261.26222.65.2614.16204760), Clangd Support (261.26222.65.2614.16204760), HTML Tools (261.26222.65.2614.16204760), Task Management (261.26222.65.2614.16204760), Artifacts Repository Search (261.26222.65.2614.16204760), Gradle Declarative Support (261.26222.65.2614.16204760), Gradle DSL Parser Support (261.26222.65.2614.16204760), Android (261.26222.65.2614.16204760), Jetpack Compose (261.26222.65.2614.16204760), App Links Assistant (261.26222.65.2614.16204760), Android APK Support (261.26222.65.2614.16204760), Android Design Tools (261.26222.65.2614.16204760), Lightbuild (261.26222.65.2614.16204760), Android NDK Support (261.26222.65.2614.16204760), Test Recorder (261.26222.65.2614.16204760), Firebase Services (261.26222.65.2614.16204760), Gemini (261.26222.65.2614.16204760), App Links Assistant AI (261.26222.65.2614.16204760), Lightbuild AI Plugin (261.26222.65.2614.16204760), Device Streaming (261.26222.65.2614.16204760), Android SDK Upgrade Assistant (261.26222.65.2614.16204760), GMD Code Completion (261.26222.65.2614.16204760), Git for App Insights (261.26222.65.2614.16204760)
2026-09-17 16:04:10,666 [    257]   INFO - #c.i.p.i.b.AppStarter - Loaded custom plugins: Notes (1.0.0)
2026-09-17 16:04:10,682 [    273]   WARN - #c.i.p.instanceContainer - InstanceNotOverridableException: Override failed for com.intellij.openapi.project.impl.ProjectStoreFactory: com.intellij.configurationScript.providers.ConfigurationScriptProjectStoreFactory attempts to override com.intellij.configurationStore.PlatformLangProjectStoreFactory, but the existing implementation is not overriddable (not declared as 'open=true')
2026-09-17 16:04:10,686 [    277]   WARN - #c.i.p.instanceContainer - InstanceNotOverridableException: Override failed for com.intellij.openapi.application.IdeUrlTrackingParametersProvider: com.intellij.openapi.application.IdeUrlTrackingParametersProvider attempts to override com.intellij.ide.customization.UtmIdeUrlTrackingParametersProvider, but the existing implementation is not overriddable (not declared as 'open=true')
2026-09-17 16:04:10,766 [    357]   INFO - #c.i.u.i.PageCacheUtils - File page caching params:
	DEFAULT_PAGE_SIZE: 10485760
	Direct memory to use, max: 2126512128
	FilePageCache: regular
	Regular FilePageCache: 629145600 bytes
	DirectByteBuffers pool: 104857600 bytes
2026-09-17 16:04:10,773 [    364]   INFO - #c.i.p.e.i.f.EelMultiRoutingFileSystemBackendInitializationService - Eel MultiRoutingFileSystem backend is initialized
2026-09-17 16:04:10,787 [    378]   INFO - #c.i.a.o.PathMacrosImpl - Loaded path macros: {}
2026-09-17 16:04:10,796 [    387]   INFO - #c.i.o.v.n.i.VfsData - Use SoftReference in VFS cache: true
2026-09-17 16:04:10,816 [    407]   INFO - #c.i.l.LocalizationStateServiceImpl - [i18n] Localization property from registry is null
2026-09-17 16:04:10,828 [    419]   INFO - c.i.o.u.r.overrides - Plugin org.jetbrains.android overrides the registry key debugger.preload.types.hierarchy declared by plugin com.intellij.java (intellij.java.debugger.impl.xml).
2026-09-17 16:04:10,828 [    419]   INFO - c.i.o.u.r.overrides - Plugin org.jetbrains.android overrides the registry key debugger.emulate.method.breakpoints declared by plugin com.intellij.java (intellij.java.debugger.impl.xml).
2026-09-17 16:04:10,828 [    419]   INFO - c.i.o.u.r.overrides - Plugin org.jetbrains.android (android-plugin-androidstudio.xml) overrides the registry key platform.feedback declared by plugin com.intellij.
2026-09-17 16:04:10,828 [    419]   INFO - c.i.o.u.r.overrides - Plugin org.jetbrains.android (project-system-gradle-plugin-androidstudio.xml) overrides the registry key unknown.sdk declared by plugin com.intellij.
2026-09-17 16:04:10,828 [    419]   INFO - c.i.o.u.r.overrides - Plugin org.jetbrains.android (project-system-gradle-plugin-androidstudio.xml) overrides the registry key unknown.sdk.auto declared by plugin com.intellij.
2026-09-17 16:04:10,829 [    420]   INFO - c.i.o.u.r.overrides - Plugin org.jetbrains.android (project-system-gradle-plugin-androidstudio.xml) overrides the registry key unknown.sdk.modal.jps declared by plugin com.intellij.
2026-09-17 16:04:10,829 [    420]   INFO - c.i.o.u.r.overrides - Plugin org.jetbrains.android (project-system-gradle-plugin-androidstudio.xml) overrides the registry key unknown.sdk.show.editor.actions declared by plugin com.intellij.
2026-09-17 16:04:10,829 [    420]   INFO - c.i.o.u.r.overrides - Plugin org.jetbrains.android (project-system-gradle-plugin-androidstudio.xml) overrides the registry key gradle.phased.sync.enabled declared by plugin com.intellij.gradle (intellij.gradle.xml).
2026-09-17 16:04:10,829 [    420]   INFO - c.i.o.u.r.overrides - Plugin org.jetbrains.android (project-system-gradle-plugin-androidstudio.xml) overrides the registry key gradle.daemon.jvm.criteria.new.project declared by plugin com.intellij.gradle (intellij.gradle.xml).
2026-09-17 16:04:10,829 [    420]   INFO - c.i.o.u.r.overrides - Plugin org.jetbrains.android (project-system-gradle-plugin-androidstudio.xml) overrides the registry key gradle.daemon.jvm.criteria.suggest.migration declared by plugin org.jetbrains.kotlin (kotlin.gradle.gradle-java.xml).
2026-09-17 16:04:10,842 [    433]   INFO - #c.i.o.u.r.RegistryManager - Registry values changed by user: i18n.locale = , ide.experimental.ui = true, switched.from.classic.to.islands = true
2026-09-17 16:04:10,853 [    444]   INFO - #c.i.u.m.s.Menu - use new ScreenMenuBar implementation
2026-09-17 16:04:10,869 [    460]   INFO - #c.i.o.v.n.p.PersistentFSLoader - VFS uses names enumerator over mmapped file
2026-09-17 16:04:10,870 [    461]   INFO - #c.i.o.v.n.p.PersistentFSLoader - VFS uses streamlined attributes storage (over mmapped file)
2026-09-17 16:04:10,871 [    462]   INFO - #c.i.o.v.n.p.PersistentFSLoader - VFS uses OverMMappedFile(pageSize=67108864, acquireStorageOwnership=true) storage for main file records table
2026-09-17 16:04:10,871 [    462]   INFO - #c.i.o.v.n.p.PersistentFSLoader - VFS uses content storage over memory-mapped file, with compression algo: LZ4[ > 8000b ]
2026-09-17 16:04:10,873 [    464]   WARN - #c.i.o.a.Application - No URL bundle (CFBundleURLTypes) is defined in the main bundle.
To be able to open external links, specify protocols in the app layout section of the build file.
Example: args.urlSchemes = ["your-protocol"] will handle following links: your-protocol://open?file=file&line=line
2026-09-17 16:04:10,892 [    483]   INFO - #c.i.o.v.n.p.PersistentFSLoader - VFS: impl (expected) version=65, 15 file records, 0 content blobs
2026-09-17 16:04:10,896 [    487]   INFO - #c.i.o.v.n.p.FSRecordsImpl - VFS initialized: 29 ms, 0 failed attempts, 0 error(s) were recovered
2026-09-17 16:04:10,897 [    488]   INFO - #c.i.o.v.n.p.FSRecordsImpl - VFS scanned: file-by-name index was populated
2026-09-17 16:04:10,912 [    503]   INFO - #c.i.o.u.LowMemoryWatcherManager - Use ExponentiallySmoothingTracker(90000 ms)
2026-09-17 16:04:10,913 [    504]   INFO - #c.i.i.p.ExpiredPluginsState - Plugins to skip: []
2026-09-17 16:04:10,919 [    510]   INFO - #c.i.o.u.LowMemoryWatcherManager - Subscribing to MemoryPool[G1 Old Gen]{max: 2147483648, threshold: 2040109440 (0.95 * max)}
2026-09-17 16:04:10,922 [    513]   INFO - #c.i.o.u.LowMemoryWatcherManager - Schedule GC-time updating: each 15000ms
2026-09-17 16:04:10,922 [    513]   INFO - #c.i.o.v.n.p.PersistentFSImpl - VFS.MAX_FILE_LENGTH_TO_CACHE: 1048576
2026-09-17 16:04:11,005 [    596]   INFO - #c.i.o.v.i.l.NativeFileWatcherImpl - Starting file watcher: /Applications/Android Studio.app/Contents/bin/fsnotifier
2026-09-17 16:04:11,018 [    609]   INFO - #c.i.p.k.b.BackendKernelServiceKt - Backend started Kernel
2026-09-17 16:04:11,042 [    633]   INFO - #c.i.c.CompilerWorkspaceConfiguration - Available processors: 12
2026-09-17 16:04:11,043 [    634]   INFO - #c.i.o.v.i.l.NativeFileWatcherImpl - Native file watcher is operational.
2026-09-17 16:04:11,055 [    646]   WARN - #c.i.p.instanceContainer - InstanceNotOverridableException: Override failed for com.intellij.openapi.roots.ui.configuration.ProjectSettingsService: com.android.tools.idea.gradle.structure.AndroidProjectSettingsServiceImpl attempts to override com.intellij.openapi.roots.ui.configuration.IdeaProjectSettingsService, but the existing implementation is not overriddable (not declared as 'open=true')
2026-09-17 16:04:11,060 [    651]   INFO - #com.android.studio.ml.onboarding.common.v2.StudioModelsOnboardingControllerImpl$Companion - StudioModelsOnboardingControllerImpl initialized
2026-09-17 16:04:11,087 [    678]   INFO - #fleet.kernel.Transactor - Duration: 55.212958ms, change from: fleet.tracing.runtime.Span$Noop@54ccaf0f
2026-09-17 16:04:11,167 [    758]   INFO - #com.google.aiplugin.rag.doc.KbPrebuiltIndexerService$Companion - Opening prebuilt AKB index KbZip(DOWNLOADED, v=1, buildCl=886493695) /Users/snagar/notes-plugin/.intellijPlatform/sandbox/notes-plugin/AI-AI-261.26222.65.2614.16204760/system_runIde/caches/gemini/kb/dac.zip
2026-09-17 16:04:11,170 [    761]   INFO - #c.i.u.i.c.d.IndexWriter - Use com.intellij.util.indexing.contentQueue.dev.MultiThreadedWithSuspendIndexWriter@306e3724 as (parallel) index writer implementation
2026-09-17 16:04:11,172 [    763]   INFO - #c.i.u.i.i.SlruIndexStorageCacheProvider - SLRU cache will be used for indexes
2026-09-17 16:04:11,172 [    763]   INFO - #c.i.u.i.i.MapIndexStorageCacheProvider$Companion - Default index storage cache provider [com.intellij.util.indexing.impl.SlruIndexStorageCacheProvider@2ecd2e86] is used
2026-09-17 16:04:11,175 [    766]   INFO - #c.i.u.i.FileBasedIndexImpl - Loading indexes
2026-09-17 16:04:11,180 [    771]   INFO - #c.i.u.i.PersistentDirtyFilesQueue - Dirty file ids read. Size: 0. Index: 0 Path: /Users/snagar/notes-plugin/.intellijPlatform/sandbox/notes-plugin/AI-AI-261.26222.65.2614.16204760/system_runIde/index/dirty-file-ids.
2026-09-17 16:04:11,224 [    815]   INFO - #c.i.u.n.s.CertificateManager - Default SSL context initialized
2026-09-17 16:04:11,263 [    854]   INFO - com.android.cliserver.CliServer - Server started, listening on localhost/127.0.0.1:50656
2026-09-17 16:04:11,270 [    861]   INFO - #c.i.o.v.n.p.FSRecords - VFS health-check enabled: first after 600000 ms, and each following 43200000 ms, wrap in RA: true
2026-09-17 16:04:11,318 [    909]   INFO - #c.i.o.a.ActionManager - Re-registering action stub for CompileDirty as CompileDirty_renamedStub_839476473
2026-09-17 16:04:11,319 [    910]   INFO - #c.i.o.a.ActionManager - Re-registering action stub for MakeModule as MakeModule_renamedStub_1637346456
2026-09-17 16:04:11,319 [    910]   INFO - #c.i.o.a.ActionManager - Re-registering action stub for CompileProject as CompileProject_renamedStub_1571187851
2026-09-17 16:04:11,319 [    910]   INFO - #c.i.o.a.ActionManager - Re-registering action stub for Compile as Compile_renamedStub_1243430500
2026-09-17 16:04:11,320 [    911]   INFO - #c.i.o.a.ActionManager - Re-registering action stub for Build as Build_renamedStub_1818919707
2026-09-17 16:04:11,320 [    911]   INFO - #c.i.o.a.ActionManager - Re-registering action stub for CompileFile as CompileFile_renamedStub_619838016
2026-09-17 16:04:11,367 [    958]   INFO - #o.j.i.BuiltInServerManager - built-in server started, port 63343
2026-09-17 16:04:11,368 [    959]   INFO - #c.i.o.u.r.RegistryValue - Registry value 'gradle.phased.sync.enabled' has changed to 'false' by SYSTEM
2026-09-17 16:04:11,373 [    964]   INFO - #c.i.o.u.r.RegistryValue - Registry value 'gradle.phased.sync.bridge.disabled' has changed to 'false' by SYSTEM
2026-09-17 16:04:11,385 [    976]   INFO - #c.i.i.s.e.StatisticsEventLoggerProvider - Initialize event logger provider for 'MP'
2026-09-17 16:04:11,385 [    976]   INFO - #c.i.c.m.CodeInsightContextEnabling - multiverse is enabled
2026-09-17 16:04:11,389 [    980]   INFO - #c.i.i.s.e.StatisticsEventLoggerProvider - Initialize event logger provider for 'TRACE'
2026-09-17 16:04:11,390 [    981]   INFO - #c.i.i.s.e.StatisticsEventLoggerProvider - Initialize event logger provider for 'ML'
2026-09-17 16:04:11,392 [    983]   INFO - #c.i.i.s.e.StatisticsEventLoggerProvider - Initialize event logger provider for 'FUS'
2026-09-17 16:04:11,393 [    984]   INFO - #c.i.i.s.e.StatisticsEventLoggerProvider - Initialize event logger provider for 'FUS'
2026-09-17 16:04:11,396 [    987]   INFO - #o.j.k.i.script - [KOTLIN_SCRIPTING] Loading script definitions: classes=[], classpath=[]
2026-09-17 16:04:11,400 [    991]   INFO - #com.android.studio.ml.onboarding.common.v2.StudioModelsOnboardingControllerImpl$Companion - Auth state changed: AuthState.LoggedOut(isAuthorized=false)
2026-09-17 16:04:11,412 [   1003]   INFO - #c.i.o.u.i.UpdateCheckerService - channel: release
2026-09-17 16:04:11,413 [   1004]   INFO - #com.google.aiplugin.rag.internal.RagIndexerProviderImpl - Selected RagIndexer: com.google.aiplugin.rag.bm25.CrawlerBm25Indexer$Companion@cf26606
2026-09-17 16:04:11,413 [   1004]   INFO - #c.i.o.u.i.UpdateCheckerService - channel set to 'release' by com.android.tools.idea.AndroidStudioUpdateStrategyCustomization
2026-09-17 16:04:11,418 [   1009]   INFO - #c.i.o.u.i.ExternalUpdateManager - update manager: false
2026-09-17 16:04:11,420 [   1011]   INFO - #c.i.p.j.JdkEx - === TabbingMode: available ===
2026-09-17 16:04:11,420 [   1011]   INFO - #c.i.u.m.MergeAllWindowsAction - === FullScreenTabSupport: frames: 0 ===
2026-09-17 16:04:11,421 [   1012]   INFO - #c.i.l.LocalizationStateServiceImpl - [i18n] Localization property from registry is null
2026-09-17 16:04:11,425 [   1016]   INFO - #c.i.u.i.HttpRequests - Application is not initialized yet; Using default SSL configuration to connect to https://dl.google.com/android/studio/patches/updates.xml?uid=217e69a2-5d89-4c77-a79e-b1c90cdd3c68&os=Mac%20OS%20X%2026.6.2&manager=false&build=AI-261.26222.65.2614.16204760
2026-09-17 16:04:11,446 [   1037]   INFO - #o.j.k.i.script - [KOTLIN_SCRIPTING] processing definitions provider com.android.tools.idea.script.IdeScriptDefinitionProvider
2026-09-17 16:04:11,452 [   1043]   INFO - #c.i.u.m.t.TouchbarSupport - touchbar disabled: registry
2026-09-17 16:04:11,458 [   1049]   INFO - #com.android.tools.idea.tracer.StudioTracingController$Companion - Tracing Driver initialized and disabled.
2026-09-17 16:04:11,463 [   1054]   INFO - c.i.p.i.IdeFingerprint - Calculated dependencies fingerprint in 716 ms (hash=324denhmbhy56, buildTime=1787925900, appVersion=AI-261.26222.65.2614.16204760)
2026-09-17 16:04:11,471 [   1062]   INFO - #c.i.f.n.TrigramIndexFilter - Filter exclude extensions is enabled: CustomizableExcludeExtensions([com.intellij.java.JavaLibrarySourcesExcludingIndexFilterExtension@5ae11b38])
2026-09-17 16:04:11,499 [   1090]   WARN - com.google.aiplugin.lucene.internal.vectorization.VectorizationProvider - Java vector incubator module is not readable. For optimal vector performance, pass '--add-modules jdk.incubator.vector' to enable Vector API.
2026-09-17 16:04:11,523 [   1114]   INFO - #com.google.aiplugin.rag.internal.RagIndexerProviderImpl - RagIndexer changed from null to com.google.aiplugin.rag.bm25.CrawlerBm25Indexer/v3 - requesting rebuild
2026-09-17 16:04:11,558 [   1149]   INFO - #c.i.o.a.i.NonBlockingReadActionImpl - OTel monitoring for NonBlockingReadAction is enabled
2026-09-17 16:04:11,566 [   1157]   INFO - #o.j.a.s.AndroidSdkUtils - Found Studio home directory at: '/Applications/Android Studio.app/Contents'
2026-09-17 16:04:11,566 [   1157]   INFO - #o.j.a.s.AndroidSdkUtils - Looking for Android SDK at '/Applications/Android Studio.app/Contents/sdk'
2026-09-17 16:04:11,566 [   1157]   INFO - #o.j.a.s.AndroidSdkUtils - Looking for Android SDK at '/Applications/Android Studio.app/sdk'
2026-09-17 16:04:11,566 [   1157]   INFO - #o.j.a.s.AndroidSdkUtils - Unable to locate SDK within the Android studio installation.
2026-09-17 16:04:11,567 [   1158]   INFO - #o.j.a.s.AndroidSdkUtils - Examined and not found a valid Android SDK path: ANDROID_HOME environment variable
2026-09-17 16:04:11,567 [   1158]   INFO - #o.j.a.s.AndroidSdkUtils - Examined and not found a valid Android SDK path: ANDROID_SDK_ROOT environment variable
2026-09-17 16:04:11,567 [   1158]   INFO - #o.j.a.s.AndroidSdkUtils - Using default SDK path: /Users/snagar/Library/Android/sdk
2026-09-17 16:04:11,650 [   1241]   INFO - #c.i.u.i.FileBasedIndexImpl - Indices to be built:FilenameIndex(v = 258)
2026-09-17 16:04:11,651 [   1242]   INFO - #c.i.u.i.FileBasedIndexImpl - Using simple flusher for indexes
2026-09-17 16:04:11,654 [   1245]   INFO - #c.i.u.i.IndexDataInitializer - Index data initialization done: 476 ms. Initialized indexes: [FilenameIndex, filetypes, SchemaTypeInheritance, html5.custom.attributes.index, XmlTagNames, Trigram.Index, XmlNamespaces, RelaxSymbolIndex, TodoIndex, json.file.root.values, java.auto.module.name, DomFileIndex, xmlProperties, editorconfig.index.name, java.null.method.argument, java.source.module.name, IdIndex, org.jetbrains.kotlin.idea.versions.KotlinJvmMetadataVersionIndex, java.fun.expression, java.binary.plus.expression, bytecodeAnalysis, org.jetbrains.kotlin.idea.vfilefinder.KotlinClassFileIndex, fileIncludes, FrameworkDetectionIndex, org.jetbrains.kotlin.idea.vfilefinder.KotlinPartialPackageNamesIndex, org.jetbrains.kotlin.idea.versions.KotlinJsMetadataVersionIndex, org.jetbrains.kotlin.idea.vfilefinder.KotlinMetadataFilePackageIndex, org.jetbrains.kotlin.idea.vfilefinder.KotlinJvmModuleAnnotationsIndex, org.jetbrains.kotlin.idea.vfilefinder.KotlinModuleMappingIndex, org.jetbrains.kotlin.idea.vfilefinder.KotlinJavaScriptMetaFileIndex, org.jetbrains.kotlin.idea.vfilefinder.KotlinMetadataFileIndex, KotlinPackageSourcesMemberNamesIndex, org.jetbrains.kotlin.idea.vfilefinder.KotlinBuiltInsMetadataIndex, KotlinTopLevelCallableByPackageShortNameIndex, org.jetbrains.kotlin.idea.vfilefinder.KlibMetaFileIndex, org.jetbrains.kotlin.idea.vfilefinder.KotlinStdlibIndex, BindingXmlIndex, KotlinBinaryRootToPackageIndex, KotlinTopLevelClassLikeDeclarationByPackageShortNameIndex, NavXmlIndex, FileNameWithoutExtensionIndex, HtmlTagIdIndex, clang.format.lightIndex, com.google.aiplugin.rag.crawler, com.android.tools.idea.model.AndroidManifestIndex.NAME, android.ndk.jni.nativemethodindex, com.google.aiplugin.rag.bm25.lucindex, com.android.tools.idea.dagger.index.DaggerIndex, Stubs].
2026-09-17 16:04:11,657 [   1248]   INFO - #c.i.u.i.FileBasedIndexImpl - Requesting index rebuild for: com.google.aiplugin.rag.crawler
com.intellij.util.indexing.FileBasedIndex$RebuildRequestedByUserAction
	at com.intellij.util.indexing.FileBasedIndex.requestRebuild(FileBasedIndex.java:145)
	at com.google.aiplugin.rag.internal.IndexRebuilder$startRebuild$1.invokeSuspend(IndexRebuilder.kt:61)
	at kotlin.coroutines.jvm.internal.BaseContinuationImpl.resumeWith(ContinuationImpl.kt:34)
	at kotlinx.coroutines.DispatchedTask.run(DispatchedTask.kt:100)
	at kotlinx.coroutines.internal.SoftLimitedDispatcher$Worker.run(SoftLimitedDispatcher.kt:130)
	at kotlinx.coroutines.scheduling.TaskImpl.run(Tasks.kt:89)
	at kotlinx.coroutines.scheduling.CoroutineScheduler.runSafely(CoroutineScheduler.kt:610)
	at kotlinx.coroutines.scheduling.CoroutineScheduler$Worker.executeTask(CoroutineScheduler.kt:1188)
	at kotlinx.coroutines.scheduling.CoroutineScheduler$Worker.runWorker(CoroutineScheduler.kt:775)
	at kotlinx.coroutines.scheduling.CoroutineScheduler$Worker.run(CoroutineScheduler.kt:762)
2026-09-17 16:04:11,669 [   1260]   INFO - #c.i.u.i.d.AppIndexingDependenciesService - Invalidating all indexing flags. Reason: Rebuild requested for index com.google.aiplugin.rag.crawler
2026-09-17 16:04:11,674 [   1265]   WARN - #c.i.u.i.FileBasedIndexImpl - Suppressed a frequent exception logged for the 2nd time: null
2026-09-17 16:04:11,674 [   1265]   INFO - #c.i.u.i.d.AppIndexingDependenciesService - Invalidating all indexing flags. Reason: Rebuild requested for index com.google.aiplugin.rag.crawler
2026-09-17 16:04:11,701 [   1292]   INFO - #com.android.tools.idea.progress.RawProgressReporterAdapter - Downloading https://dl.google.com/android/repository/addons_list-7.xml
2026-09-17 16:04:11,703 [   1294]   INFO - #c.i.u.i.HttpRequests - Application is not initialized yet; Using default SSL configuration to connect to https://dl.google.com/android/repository/addons_list-7.xml
2026-09-17 16:04:11,745 [   1336]   INFO - #c.i.u.i.HttpRequests - Application is not initialized yet; Using default SSL configuration to connect to https://plugins.jetbrains.com/files/brokenPlugins.json
2026-09-17 16:04:11,749 [   1340]   INFO - #c.i.u.i.IndexDataInitializer - Index data initialization done: 94 ms. Initialized stub indexes: {gr.class.fqn.s, org.jetbrains.kotlin.idea.stubindex.KotlinSubclassObjectNameIndex, markdown.header, gr.script.fqn.s, kotlin.primeIndexKey, KotlinExtensionsInObjectsByReceiverTypeIndex, markdown.header.anchor, org.jetbrains.kotlin.idea.stubindex.KotlinInnerTypeAliasClassIdIndex, org.jetbrains.kotlin.idea.stubindex.KotlinFileFacadeShortNameIndex, java.module.name, jvm.static.member.type, org.jetbrains.kotlin.idea.stubindex.KotlinFilePartClassIndex, java.record.component.name, java.method.parameter.types, org.jetbrains.kotlin.idea.stubindex.KotlinPropertyShortNameIndex, dom.elementClass, gr.annot.members, java.field.name, KotlinProbablyNothingFunctionShortNameIndex, org.jetbrains.kotlin.idea.stubindex.KotlinScriptFqnIndex, gr.annot.method.name, java.annotations, gr.field.name, org.jetbrains.kotlin.idea.stubindex.KotlinFileFacadeFqNameIndex, java.class.extlist, KotlinTopLevelExpectFunctionFqNameIndex, java.class.fqn, KotlinProbablyInjectedFunctionShortNameIndex, org.jetbrains.kotlin.idea.stubindex.KotlinFullClassNameIndex, org.jetbrains.kotlin.idea.stubindex.KotlinFunctionShortNameIndex, jvm.static.member.name, KotlinFileFacadeClassByPackageIndex, KotlinTypeAliasByExpansionShortNameIndex, org.jetbrains.kotlin.idea.stubindex.KotlinClassShortNameIndex, properties.index, java.method.name, org.jetbrains.kotlin.idea.stubindex.KotlinTopLevelTypeAliasFqNameIndex, KotlinProbablyNothingPropertyShortNameIndex, org.jetbrains.kotlin.idea.stubindex.KotlinExactPackagesIndex, org.jetbrains.kotlin.idea.stubindex.KotlinAnnotationsIndex, gr.class.super, KotlinTopLevelExtensionsByReceiverTypeIndex, gr.script.class, org.jetbrains.kotlin.idea.stubindex.KotlinTypeAliasShortNameIndex, gr.anonymous.class, java.anonymous.baseref, org.jetbrains.kotlin.idea.stubindex.KotlinSuperClassIndex, KotlinTopLevelExpectPropertyFqNameIndex, org.jetbrains.kotlin.idea.stubindex.KotlinJvmNameAnnotationIndex, java.class.shortname, java.unnamed.class, KotlinTopLevelFunctionByPackageIndex, org.jetbrains.kotlin.idea.stubindex.KotlinTopLevelPropertyFqnNameIndex, gr.method.name, KotlinTopLevelTypeAliasByPackageIndex, org.jetbrains.kotlin.idea.stubindex.KotlinTopLevelClassByPackageIndex, org.jetbrains.kotlin.idea.stubindex.KotlinMultifileClassPartIndex, KotlinTopLevelPropertyByPackageIndex, org.jetbrains.kotlin.idea.stubindex.KotlinTopLevelFunctionFqnNameIndex, KotlinOverridableInternalMembersShortNameIndex, dom.namespaceKey, KotlinProbablyContractedFunctionShortNameIndex}.
2026-09-17 16:04:11,896 [   1487]   INFO - #com.android.tools.idea.progress.RawProgressReporterAdapter - Downloading https://dl.google.com/android/repository/sys-img/android-tv/sys-img2-5.xml
2026-09-17 16:04:11,896 [   1487]   INFO - #com.android.tools.idea.progress.RawProgressReporterAdapter - Downloading https://dl.google.com/android/repository/sys-img/android-wear/sys-img2-5.xml
2026-09-17 16:04:11,896 [   1487]   INFO - #com.android.tools.idea.progress.RawProgressReporterAdapter - Downloading https://dl.google.com/android/repository/sys-img/android-automotive-distantdisplay/sys-img2-5.xml
2026-09-17 16:04:11,896 [   1487]   INFO - #com.android.tools.idea.progress.RawProgressReporterAdapter - Downloading https://dl.google.com/android/repository/sys-img/android-desktop/sys-img2-5.xml
2026-09-17 16:04:11,896 [   1487]   INFO - #com.android.tools.idea.progress.RawProgressReporterAdapter - Downloading https://dl.google.com/android/repository/sys-img/android/sys-img2-5.xml
2026-09-17 16:04:11,896 [   1487]   INFO - #com.android.tools.idea.progress.RawProgressReporterAdapter - Downloading https://dl.google.com/android/repository/repository2-4.xml
2026-09-17 16:04:11,896 [   1487]   INFO - #com.android.tools.idea.progress.RawProgressReporterAdapter - Downloading https://dl.google.com/android/repository/repository2-3.xml
2026-09-17 16:04:11,896 [   1487]   INFO - #c.i.u.i.HttpRequests - Application is not initialized yet; Using default SSL configuration to connect to https://dl.google.com/android/repository/repository2-4.xml
2026-09-17 16:04:11,896 [   1487]   INFO - #c.i.u.i.HttpRequests - Application is not initialized yet; Using default SSL configuration to connect to https://dl.google.com/android/repository/sys-img/android-desktop/sys-img2-5.xml
2026-09-17 16:04:11,896 [   1487]   INFO - #com.android.tools.idea.progress.RawProgressReporterAdapter - Downloading https://dl.google.com/android/repository/sys-img/android-wear-cn/sys-img2-5.xml
2026-09-17 16:04:11,896 [   1487]   INFO - #c.i.u.i.HttpRequests - Application is not initialized yet; Using default SSL configuration to connect to https://dl.google.com/android/repository/sys-img/android/sys-img2-5.xml
2026-09-17 16:04:11,896 [   1487]   INFO - #c.i.u.i.HttpRequests - Application is not initialized yet; Using default SSL configuration to connect to https://dl.google.com/android/repository/repository2-3.xml
2026-09-17 16:04:11,897 [   1488]   INFO - #com.android.tools.idea.progress.RawProgressReporterAdapter - Downloading https://dl.google.com/android/repository/sys-img/google_atd/sys-img2-5.xml
2026-09-17 16:04:11,897 [   1488]   INFO - #com.android.tools.idea.progress.RawProgressReporterAdapter - Downloading https://dl.google.com/android/repository/sys-img/android-automotive/sys-img2-5.xml
2026-09-17 16:04:11,897 [   1488]   INFO - #c.i.u.i.HttpRequests - Application is not initialized yet; Using default SSL configuration to connect to https://dl.google.com/android/repository/sys-img/android-automotive-distantdisplay/sys-img2-5.xml
2026-09-17 16:04:11,897 [   1488]   INFO - #c.i.u.i.HttpRequests - Application is not initialized yet; Using default SSL configuration to connect to https://dl.google.com/android/repository/sys-img/android-wear-cn/sys-img2-5.xml
2026-09-17 16:04:11,897 [   1488]   INFO - #com.android.tools.idea.progress.RawProgressReporterAdapter - Downloading https://dl.google.com/android/repository/sys-img/aosp_atd/sys-img2-5.xml
2026-09-17 16:04:11,897 [   1488]   INFO - #com.android.tools.idea.progress.RawProgressReporterAdapter - Downloading https://dl.google.com/android/repository/sys-img/google_apis/sys-img2-5.xml
2026-09-17 16:04:11,897 [   1488]   INFO - #com.android.tools.idea.progress.RawProgressReporterAdapter - Downloading https://dl.google.com/android/repository/sys-img/google-tv/sys-img2-5.xml
2026-09-17 16:04:11,897 [   1488]   INFO - #c.i.u.i.HttpRequests - Application is not initialized yet; Using default SSL configuration to connect to https://dl.google.com/android/repository/sys-img/android-automotive/sys-img2-5.xml
2026-09-17 16:04:11,897 [   1488]   INFO - #c.i.u.i.HttpRequests - Application is not initialized yet; Using default SSL configuration to connect to https://dl.google.com/android/repository/sys-img/aosp_atd/sys-img2-5.xml
2026-09-17 16:04:11,897 [   1488]   INFO - #c.i.u.i.HttpRequests - Application is not initialized yet; Using default SSL configuration to connect to https://dl.google.com/android/repository/sys-img/google_apis/sys-img2-5.xml
2026-09-17 16:04:11,897 [   1488]   INFO - #c.i.u.i.HttpRequests - Application is not initialized yet; Using default SSL configuration to connect to https://dl.google.com/android/repository/sys-img/google-tv/sys-img2-5.xml
2026-09-17 16:04:11,897 [   1488]   INFO - #c.i.u.i.HttpRequests - Application is not initialized yet; Using default SSL configuration to connect to https://dl.google.com/android/repository/sys-img/google_atd/sys-img2-5.xml
2026-09-17 16:04:11,897 [   1488]   INFO - #c.i.u.i.HttpRequests - Application is not initialized yet; Using default SSL configuration to connect to https://dl.google.com/android/repository/sys-img/android-tv/sys-img2-5.xml
2026-09-17 16:04:11,897 [   1488]   INFO - #c.i.u.i.HttpRequests - Application is not initialized yet; Using default SSL configuration to connect to https://dl.google.com/android/repository/sys-img/android-wear/sys-img2-5.xml
2026-09-17 16:04:11,897 [   1488]   INFO - #com.android.tools.idea.progress.RawProgressReporterAdapter - Downloading https://dl.google.com/android/repository/sys-img/google_apis_playstore/sys-img2-5.xml
2026-09-17 16:04:11,897 [   1488]   INFO - #com.android.tools.idea.progress.RawProgressReporterAdapter - Downloading https://dl.google.com/android/repository/sys-img/google_apis_tablet/sys-img2-5.xml
2026-09-17 16:04:11,897 [   1488]   INFO - #c.i.u.i.HttpRequests - Application is not initialized yet; Using default SSL configuration to connect to https://dl.google.com/android/repository/sys-img/google_apis_playstore/sys-img2-5.xml
2026-09-17 16:04:11,897 [   1488]   INFO - #c.i.u.i.HttpRequests - Application is not initialized yet; Using default SSL configuration to connect to https://dl.google.com/android/repository/sys-img/google_apis_tablet/sys-img2-5.xml
2026-09-17 16:04:11,897 [   1488]   INFO - #com.android.tools.idea.progress.RawProgressReporterAdapter - Downloading https://dl.google.com/android/repository/sys-img/aosp_tablet/sys-img2-5.xml
2026-09-17 16:04:11,897 [   1488]   INFO - #c.i.u.i.HttpRequests - Application is not initialized yet; Using default SSL configuration to connect to https://dl.google.com/android/repository/sys-img/aosp_tablet/sys-img2-5.xml
2026-09-17 16:04:11,897 [   1488]   INFO - #com.android.tools.idea.progress.RawProgressReporterAdapter - Downloading https://dl.google.com/android/repository/sys-img/google_playstore_tablet/sys-img2-5.xml
2026-09-17 16:04:11,897 [   1488]   INFO - #c.i.u.i.HttpRequests - Application is not initialized yet; Using default SSL configuration to connect to https://dl.google.com/android/repository/sys-img/google_playstore_tablet/sys-img2-5.xml
2026-09-17 16:04:11,897 [   1488]   INFO - #com.android.tools.idea.progress.RawProgressReporterAdapter - Downloading https://dl.google.com/android/repository/sys-img/google_xr/sys-img2-5.xml
2026-09-17 16:04:11,897 [   1488]   INFO - #com.android.tools.idea.progress.RawProgressReporterAdapter - Downloading https://dl.google.com/android/repository/addon2-4.xml
2026-09-17 16:04:11,897 [   1488]   INFO - #c.i.u.i.HttpRequests - Application is not initialized yet; Using default SSL configuration to connect to https://dl.google.com/android/repository/sys-img/google_xr/sys-img2-5.xml
2026-09-17 16:04:11,897 [   1488]   INFO - #com.android.tools.idea.progress.RawProgressReporterAdapter - Downloading https://dl.google.com/android/repository/glass/addon2-4.xml
2026-09-17 16:04:11,897 [   1488]   INFO - #c.i.u.i.HttpRequests - Application is not initialized yet; Using default SSL configuration to connect to https://dl.google.com/android/repository/addon2-4.xml
2026-09-17 16:04:11,897 [   1488]   INFO - #c.i.u.i.HttpRequests - Application is not initialized yet; Using default SSL configuration to connect to https://dl.google.com/android/repository/glass/addon2-4.xml
2026-09-17 16:04:12,029 [   1620]   INFO - #c.i.u.i.HttpRequests - Application is not initialized yet; Using default SSL configuration to connect to https://downloads.marketplace.jetbrains.com/files/brokenPlugins.json
2026-09-17 16:04:12,588 [   2179]   WARN - com.android.sdklib.devices.DeviceManager - Unsupported device desktop_api37
2026-09-17 16:04:12,593 [   2184]   WARN - com.android.sdklib.devices.DeviceManager - Unsupported device ai_glasses_device
2026-09-17 16:04:12,593 [   2184]   WARN - com.android.sdklib.devices.DeviceManager - Unsupported device ai_glasses_displayless
2026-09-17 16:04:12,593 [   2184]   WARN - com.android.sdklib.devices.DeviceManager - Unsupported device xr_glasses_device
2026-09-17 16:04:14,890 [   4481]   INFO - #c.i.i.p.m.MarketplaceRequests - Looking for the last compatible plugin updates for:
[]
send machine ID: true
2026-09-17 16:04:14,899 [   4490]   INFO - #com.android.tools.idea.updater.SdkComponentSource - Downloading https://dl.google.com/android/repository/repository2-3.xml
2026-09-17 16:04:14,899 [   4490]   INFO - #com.android.tools.idea.updater.SdkComponentSource - Downloading https://dl.google.com/android/repository/sys-img/android/sys-img2-5.xml
2026-09-17 16:04:14,899 [   4490]   INFO - #com.android.tools.idea.updater.SdkComponentSource - Downloading https://dl.google.com/android/repository/sys-img/android-wear-cn/sys-img2-5.xml
2026-09-17 16:04:14,899 [   4490]   INFO - #com.android.tools.idea.updater.SdkComponentSource - Downloading https://dl.google.com/android/repository/sys-img/android-automotive/sys-img2-5.xml
2026-09-17 16:04:14,899 [   4490]   INFO - #com.android.tools.idea.updater.SdkComponentSource - Downloading https://dl.google.com/android/repository/sys-img/android-wear/sys-img2-5.xml
2026-09-17 16:04:14,900 [   4491]   INFO - #com.android.tools.idea.updater.SdkComponentSource - Downloading https://dl.google.com/android/repository/sys-img/android-automotive-distantdisplay/sys-img2-5.xml
2026-09-17 16:04:14,900 [   4491]   INFO - #com.android.tools.idea.updater.SdkComponentSource - Downloading https://dl.google.com/android/repository/sys-img/google_atd/sys-img2-5.xml
2026-09-17 16:04:14,900 [   4491]   INFO - #com.android.tools.idea.updater.SdkComponentSource - Downloading https://dl.google.com/android/repository/sys-img/android-desktop/sys-img2-5.xml
2026-09-17 16:04:14,900 [   4491]   INFO - #com.android.tools.idea.updater.SdkComponentSource - Downloading https://dl.google.com/android/repository/sys-img/aosp_atd/sys-img2-5.xml
2026-09-17 16:04:14,900 [   4491]   INFO - #com.android.tools.idea.updater.SdkComponentSource - Downloading https://dl.google.com/android/repository/sys-img/android-tv/sys-img2-5.xml
2026-09-17 16:04:14,900 [   4491]   INFO - #com.android.tools.idea.updater.SdkComponentSource - Downloading https://dl.google.com/android/repository/repository2-4.xml
2026-09-17 16:04:14,901 [   4492]   INFO - #com.android.tools.idea.updater.SdkComponentSource - Downloading https://dl.google.com/android/repository/sys-img/google_apis/sys-img2-5.xml
2026-09-17 16:04:14,901 [   4492]   INFO - #com.android.tools.idea.updater.SdkComponentSource - Downloading https://dl.google.com/android/repository/sys-img/google-tv/sys-img2-5.xml
2026-09-17 16:04:14,902 [   4493]   INFO - #com.android.tools.idea.updater.SdkComponentSource - Downloading https://dl.google.com/android/repository/sys-img/google_playstore_tablet/sys-img2-5.xml
2026-09-17 16:04:14,902 [   4493]   INFO - #com.android.tools.idea.updater.SdkComponentSource - Downloading https://dl.google.com/android/repository/sys-img/aosp_tablet/sys-img2-5.xml
2026-09-17 16:04:14,902 [   4493]   INFO - #com.android.tools.idea.updater.SdkComponentSource - Downloading https://dl.google.com/android/repository/sys-img/google_xr/sys-img2-5.xml
2026-09-17 16:04:14,902 [   4493]   INFO - #com.android.tools.idea.updater.SdkComponentSource - Downloading https://dl.google.com/android/repository/addon2-4.xml
2026-09-17 16:04:14,902 [   4493]   INFO - #com.android.tools.idea.updater.SdkComponentSource - Downloading https://dl.google.com/android/repository/sys-img/google_apis_playstore/sys-img2-5.xml
2026-09-17 16:04:14,902 [   4493]   INFO - #com.android.tools.idea.updater.SdkComponentSource - Downloading https://dl.google.com/android/repository/sys-img/google_apis_tablet/sys-img2-5.xml
2026-09-17 16:04:14,903 [   4494]   INFO - #com.android.tools.idea.updater.SdkComponentSource - Downloading https://dl.google.com/android/repository/glass/addon2-4.xml
2026-09-17 16:04:22,034 [  11625]   INFO - #c.i.i.p.m.MarketplaceRequests - Looking for the last compatible plugin updates for:
[]
send machine ID: true
2026-09-17 16:04:22,398 [  11989]   INFO - #c.i.o.u.r.RegistryValue - Registry value 'i18n.locale' has changed to '' by SYSTEM
2026-09-17 16:04:22,426 [  12017]   INFO - #c.i.c.ComponentStoreImpl - Saving default projectAutoImportSettings took 14 ms
2026-09-17 16:04:22,466 [  12057]   INFO - #c.i.a.o.PathMacrosImpl - Saved path macros: {}
2026-09-17 16:04:22,473 [  12064]   INFO - #c.i.c.ComponentStoreImpl - Saving appDaemonCodeAnalyzerSettings took 13 ms
2026-09-17 16:04:22,480 [  12071]   INFO - #c.i.i.s.EventLogApplicationLifecycleListener - Statistics. Don't start external uploader because there are no enabled logger providers
2026-09-17 16:04:22,481 [  12072]   INFO - #c.i.i.s.e.u.EventLogExternalUploader - Statistics. Don't start external uploader because sending logs is disabled for all recorders
2026-09-17 16:04:22,487 [  12078]   INFO - #c.i.o.f.i.FileTypeDetectionService - 0 auto-detected files. Detection took 0 ms
2026-09-17 16:04:22,492 [  12083]   INFO - #o.j.i.BuiltInServer - web server stopped
2026-09-17 16:04:22,493 [  12084]   INFO - #c.i.o.v.i.l.NativeFileWatcherImpl - Watcher terminated with exit code 0
2026-09-17 16:04:22,495 [  12086]   INFO - #c.i.d.JVMResponsivenessMonitor - Sampling thread interrupted -> stop sampling
2026-09-17 16:04:22,495 [  12086]   INFO - #c.i.d.JVMResponsivenessMonitor - Sampling thread exiting normally
2026-09-17 16:04:22,504 [  12095]   INFO - #c.i.u.i.FileBasedIndexImpl - Index dispose started
2026-09-17 16:04:22,507 [  12098]   INFO - #c.i.u.i.PersistentDirtyFilesQueue - Dirty file ids stored. Size: 3. Index: 3 Path: /Users/snagar/notes-plugin/.intellijPlatform/sandbox/notes-plugin/AI-AI-261.26222.65.2614.16204760/system_runIde/index/dirty-file-ids
2026-09-17 16:04:22,517 [  12108]   INFO - #c.i.p.s.StubIndexImpl - StubIndexExtension-s were unloaded
2026-09-17 16:04:22,517 [  12108]   INFO - #c.i.p.s.SerializationManagerImpl - Start shutting down /Users/snagar/notes-plugin/.intellijPlatform/sandbox/notes-plugin/AI-AI-261.26222.65.2614.16204760/system_runIde/index/rep.names
2026-09-17 16:04:22,517 [  12108]   INFO - #c.i.p.s.SerializationManagerImpl - Finished shutting down /Users/snagar/notes-plugin/.intellijPlatform/sandbox/notes-plugin/AI-AI-261.26222.65.2614.16204760/system_runIde/index/rep.names
2026-09-17 16:04:22,518 [  12109]   INFO - #c.i.u.i.FileBasedIndexImpl - Index dispose completed in 13ms.
2026-09-17 16:04:22,580 [  12171]   INFO - #c.i.o.v.n.p.PersistentFSImpl - VFS dispose started
2026-09-17 16:04:22,580 [  12171]   INFO - #c.i.o.v.n.p.FSRecordsImpl - VFS closing
2026-09-17 16:04:22,581 [  12172]   INFO - #c.i.o.v.n.p.PersistentFSImpl - VFS dispose completed in 0 ms.
2026-09-17 16:04:22,676 [  12267]   INFO - #c.i.p.i.b.AppStarter - ------------------------------------------------------ IDE SHUTDOWN ------------------------------------------------------
2026-09-17 16:16:46,658 [      5]   INFO - #c.i.p.i.b.AppStarter - ------------------------------------------------------ IDE STARTED ------------------------------------------------------
2026-09-17 16:16:46,663 [     10]   INFO - #c.i.p.i.b.AppStarter - skipping shell environment: the IDE is likely launched from a terminal (SHLVL=1)
2026-09-17 16:16:46,663 [     10]   INFO - #c.i.p.i.b.AppStarter - Will skip the config import to directory "/Users/snagar/notes-plugin/.intellijPlatform/sandbox/notes-plugin/AI-AI-261.26222.65.2614.16204760/config_runIde" (exists = true). Current entries: "options", "ssl", "updatedBrokenPlugins.db", "bundled_plugins.txt", "disabled_plugins.txt", "early-access-registry.txt", "app-internal-state.db".
2026-09-17 16:16:46,672 [     19]   INFO - #c.i.p.i.b.AppStarter - JNA library (64-bit) loaded in 13 ms
2026-09-17 16:16:46,677 [     24]   INFO - #c.i.p.i.b.AppStarter - IDE: Android Studio (build #AI-261.26222.65.2614.16204760, Fri, 28 Aug 2026 14:05:00 GMT)
2026-09-17 16:16:46,677 [     24]   INFO - #c.i.p.i.b.AppStarter - OS: macOS (26.6.2)
2026-09-17 16:16:46,677 [     24]   INFO - #c.i.p.i.b.AppStarter - JRE: 25.0.3+-15898627-b508.16, aarch64 (JetBrains s.r.o.)
2026-09-17 16:16:46,677 [     24]   INFO - #c.i.p.i.b.AppStarter - JVM: 25.0.3+-15898627-b508.16 (OpenJDK 64-Bit Server VM)
2026-09-17 16:16:46,677 [     24]   INFO - #c.i.p.i.b.AppStarter - PID: 61137
2026-09-17 16:16:46,685 [     32]   INFO - #c.i.p.i.b.AppStarter - JVM options: [-Daether.connector.resumeDownloads=false, -Dapple.awt.application.appearance=system, -Dapple.awt.fileDialogForDirectories=true, -Dapple.laf.useScreenMenuBar=true, -Dcompose.swing.render.on.graphics=true, -Dflags.configuration.level=COMPLETE, -Dflags.debug.enabled=false, -Dide.native.launcher=false, -Dide.no.platform.update=false, -Didea.auto.reload.plugins=true, -Didea.classpath.index.enabled=false, -Didea.config.path=/Users/snagar/notes-plugin/.intellijPlatform/sandbox/notes-plugin/AI-AI-261.26222.65.2614.16204760/config_runIde, -Didea.is.internal=true, -Didea.log.path=/Users/snagar/notes-plugin/.intellijPlatform/sandbox/notes-plugin/AI-AI-261.26222.65.2614.16204760/log_runIde, -Didea.paths.selector=AndroidStudio2026.1.4, -Didea.platform.prefix=AndroidStudio, -Didea.plugin.in.sandbox.mode=true, -Didea.plugins.path=/Users/snagar/notes-plugin/.intellijPlatform/sandbox/notes-plugin/AI-AI-261.26222.65.2614.16204760/plugins_runIde, -Didea.required.plugins.id=com.example.notes, -Didea.reset.classpath.from.manifest=true, -Didea.smooth.progress=false, -Didea.system.path=/Users/snagar/notes-plugin/.intellijPlatform/sandbox/notes-plugin/AI-AI-261.26222.65.2614.16204760/system_runIde, -Didea.vendor.name=Google, -Dij.startup.error.handler.class=com.intellij.platform.ide.bootstrap.StudioStartupErrorHandler, -Dintellij.console.log.level=warning, -Dintellij.platform.runtime.repository.path=/Applications/Android Studio.app/Contents/modules/module-descriptors.dat, -Dio.netty.allocator.type=pooled, -Djava.nio.file.spi.DefaultFileSystemProvider=com.intellij.platform.core.nio.fs.MultiRoutingFileSystemProvider, -Djava.system.class.loader=com.intellij.util.lang.PathClassLoader, -Djava.util.zip.use.nio.for.zip.file.access=true, -Djbr.catch.SIGABRT=true, -Djdk.attach.allowAttachSelf=true, -Djdk.http.auth.tunneling.disabledSchemes="", -Djdk.module.illegalAccess.silent=true, -Djdk.nio.maxCachedBufferSize=2097152, -Djna.boot.library.path=/Applications/Android Studio.app/Contents/lib/jna/aarch64, -Djna.noclasspath=true, -Djna.nosys=true, -Dplugin.path=/Users/snagar/notes-plugin/.intellijPlatform/sandbox/notes-plugin/AI-AI-261.26222.65.2614.16204760/plugins_runIde/notes-plugin, -Dpty4j.preferred.native.folder=/Applications/Android Studio.app/Contents/lib/pty4j, -Dskiko.library.path=/Applications/Android Studio.app/Contents/lib/skiko-awt-runtime-all, -Dskiko.rendering.useScreenMenuBar=false, -Dsplash=true, -Dsun.io.useCanonCaches=false, -Dsun.java2d.metal=true, -XX:JbrShrinkingGcMaxHeapFreeRatio=40, -XX:ReservedCodeCacheSize=512m, -XX:+HeapDumpOnOutOfMemoryError, -XX:-OmitStackTraceInFastThrow, -XX:CICompilerCount=2, -XX:+IgnoreUnrecognizedVMOptions, -XX:+UnlockDiagnosticVMOptions, -XX:TieredOldPercentage=100000, -Xbootclasspath/a:/Applications/Android Studio.app/Contents/lib/nio-fs.jar, -XX:FlightRecorderOptions=stackdepth=256, --add-opens=java.base/sun.net.www.protocol.https=ALL-UNNAMED, -XX:CompileCommand=exclude,org.jetbrains.kotlin.serialization.deserialization.TypeDeserializer::simpleType, -XX:CompileCommand=exclude,org.jetbrains.kotlin.serialization.deserialization.TypeDeserializer::toAttributes, --enable-native-access=ALL-UNNAMED, --add-opens=java.base/java.io=ALL-UNNAMED, --add-opens=java.base/java.lang=ALL-UNNAMED, --add-opens=java.base/java.lang.ref=ALL-UNNAMED, --add-opens=java.base/java.lang.reflect=ALL-UNNAMED, --add-opens=java.base/java.net=ALL-UNNAMED, --add-opens=java.base/java.nio=ALL-UNNAMED, --add-opens=java.base/java.nio.charset=ALL-UNNAMED, --add-opens=java.base/java.text=ALL-UNNAMED, --add-opens=java.base/java.time=ALL-UNNAMED, --add-opens=java.base/java.util=ALL-UNNAMED, --add-opens=java.base/java.util.concurrent=ALL-UNNAMED, --add-opens=java.base/java.util.concurrent.atomic=ALL-UNNAMED, --add-opens=java.base/java.util.concurrent.locks=ALL-UNNAMED, --add-opens=java.base/jdk.internal.ref=ALL-UNNAMED, --add-opens=java.base/jdk.internal.vm=ALL-UNNAMED, --add-opens=java.base/sun.net.dns=ALL-UNNAMED, --add-opens=java.base/sun.nio=ALL-UNNAMED, --add-opens=java.base/sun.nio.ch=ALL-UNNAMED, --add-opens=java.base/sun.nio.fs=ALL-UNNAMED, --add-opens=java.base/sun.security.ssl=ALL-UNNAMED, --add-opens=java.base/sun.security.util=ALL-UNNAMED, --add-opens=java.desktop/com.apple.eawt=ALL-UNNAMED, --add-opens=java.desktop/com.apple.eawt.event=ALL-UNNAMED, --add-opens=java.desktop/com.apple.laf=ALL-UNNAMED, --add-opens=java.desktop/com.sun.java.swing=ALL-UNNAMED, --add-opens=java.desktop/java.awt=ALL-UNNAMED, --add-opens=java.desktop/java.awt.dnd.peer=ALL-UNNAMED, --add-opens=java.desktop/java.awt.event=ALL-UNNAMED, --add-opens=java.desktop/java.awt.font=ALL-UNNAMED, --add-opens=java.desktop/java.awt.image=ALL-UNNAMED, --add-opens=java.desktop/java.awt.peer=ALL-UNNAMED, --add-opens=java.desktop/javax.swing=ALL-UNNAMED, --add-opens=java.desktop/javax.swing.plaf.basic=ALL-UNNAMED, --add-opens=java.desktop/javax.swing.text=ALL-UNNAMED, --add-opens=java.desktop/javax.swing.text.html=ALL-UNNAMED, --add-opens=java.desktop/javax.swing.text.html.parser=ALL-UNNAMED, --add-opens=java.desktop/sun.awt=ALL-UNNAMED, --add-opens=java.desktop/sun.awt.datatransfer=ALL-UNNAMED, --add-opens=java.desktop/sun.awt.image=ALL-UNNAMED, --add-opens=java.desktop/sun.font=ALL-UNNAMED, --add-opens=java.desktop/sun.java2d=ALL-UNNAMED, --add-opens=java.desktop/sun.lwawt=ALL-UNNAMED, --add-opens=java.desktop/sun.lwawt.macosx=ALL-UNNAMED, --add-opens=java.desktop/sun.swing=ALL-UNNAMED, --add-opens=java.management/sun.management=ALL-UNNAMED, --add-opens=jdk.attach/sun.tools.attach=ALL-UNNAMED, --add-opens=jdk.compiler/com.sun.tools.javac.api=ALL-UNNAMED, --add-opens=jdk.internal.jvmstat/sun.jvmstat.monitor=ALL-UNNAMED, --add-opens=jdk.jdi/com.sun.tools.jdi=ALL-UNNAMED, -Xms256m, -Xmx2048m, -Dfile.encoding=UTF-8, -Duser.country=US, -Duser.language=en, -Duser.variant, -ea]
2026-09-17 16:16:46,685 [     32]   INFO - #c.i.p.i.b.AppStarter - args: 
2026-09-17 16:16:46,685 [     32]   INFO - #c.i.p.i.b.AppStarter - library path: /Users/snagar/Library/Java/Extensions:/Library/Java/Extensions:/Network/Library/Java/Extensions:/System/Library/Java/Extensions:/usr/lib/java:.
2026-09-17 16:16:46,685 [     32]   INFO - #c.i.p.i.b.AppStarter - boot library path: /Applications/Android Studio.app/Contents/jbr/Contents/Home/lib
2026-09-17 16:16:46,686 [     33]   INFO - #c.i.p.i.b.AppStarter - locale=en_US JNU=UTF-8 file.encoding=UTF-8
    idea.home.path=/Applications/Android Studio.app/Contents
    idea.config.path=/Users/snagar/notes-plugin/.intellijPlatform/sandbox/notes-plugin/AI-AI-261.26222.65.2614.16204760/config_runIde
    idea.system.path=/Users/snagar/notes-plugin/.intellijPlatform/sandbox/notes-plugin/AI-AI-261.26222.65.2614.16204760/system_runIde
    idea.plugins.path=/Users/snagar/notes-plugin/.intellijPlatform/sandbox/notes-plugin/AI-AI-261.26222.65.2614.16204760/plugins_runIde
    idea.log.path=/Users/snagar/notes-plugin/.intellijPlatform/sandbox/notes-plugin/AI-AI-261.26222.65.2614.16204760/log_runIde
2026-09-17 16:16:46,689 [     36]   INFO - #c.i.p.i.b.AppStarter - CPU cores: 12; ForkJoinPool.commonPool: java.util.concurrent.ForkJoinPool@335f4921[Running, parallelism = 11, size = 0, active = 0, running = 0, steals = 0, tasks = 0, submissions = 0]; factory: com.intellij.concurrency.IdeaForkJoinWorkerThreadFactory@9335296
2026-09-17 16:16:46,699 [     46]   WARN - #c.i.i.p.PluginManager - Dist index is missing or corrupted; an OLD, DEPRECATED, SOON-TO-BE-REMOVED implementation will be used
2026-09-17 16:16:46,859 [    206]   INFO - #c.i.i.p.PluginManager - Using cached broken plugins file
2026-09-17 16:16:46,915 [    262]   WARN - #c.i.i.p.PluginManager - intellij.cidr.util.ui has accessibility problem which is currently ignored: it has no namespace specified and depends on module 'intellij.cidr.util' which is registered in 'com.intellij.cidr.base' plugin with internal visibility in unspecified namespace
2026-09-17 16:16:46,915 [    262]   WARN - #c.i.i.p.PluginManager - intellij.cidr.util.serializer has accessibility problem which is currently ignored: it has no namespace specified and depends on module 'intellij.cidr.util' which is registered in 'com.intellij.cidr.base' plugin with internal visibility in unspecified namespace
2026-09-17 16:16:46,916 [    263]   WARN - #c.i.i.p.PluginManager - intellij.cidr.lang.base has accessibility problem which is currently ignored: it has no namespace specified and depends on module 'intellij.cidr.core' which is registered in 'com.intellij.cidr.debugger' plugin with internal visibility in namespace 'jetbrains'
2026-09-17 16:16:46,916 [    263]   WARN - #c.i.i.p.PluginManager - intellij.cidr.lang.base has accessibility problem which is currently ignored: it has no namespace specified and depends on module 'intellij.cidr.util' which is registered in 'com.intellij.cidr.base' plugin with internal visibility in unspecified namespace
2026-09-17 16:16:46,916 [    263]   WARN - #c.i.i.p.PluginManager - intellij.cidr.projectModel has accessibility problem which is currently ignored: it has no namespace specified and depends on module 'intellij.cidr.core' which is registered in 'com.intellij.cidr.debugger' plugin with internal visibility in namespace 'jetbrains'
2026-09-17 16:16:46,916 [    263]   WARN - #c.i.i.p.PluginManager - intellij.cidr.projectModel has accessibility problem which is currently ignored: it has no namespace specified and depends on module 'intellij.cidr.util' which is registered in 'com.intellij.cidr.base' plugin with internal visibility in unspecified namespace
2026-09-17 16:16:46,916 [    263]   WARN - #c.i.i.p.PluginManager - intellij.cidr.projectModel has accessibility problem which is currently ignored: it has no namespace specified and depends on module 'intellij.cidr.util.serializer' which is registered in 'com.intellij.cidr.base' plugin with internal visibility in unspecified namespace
2026-09-17 16:16:46,916 [    263]   WARN - #c.i.i.p.PluginManager - intellij.cidr.workspaceModel has accessibility problem which is currently ignored: it has no namespace specified and depends on module 'intellij.cidr.core' which is registered in 'com.intellij.cidr.debugger' plugin with internal visibility in namespace 'jetbrains'
2026-09-17 16:16:46,916 [    263]   WARN - #c.i.i.p.PluginManager - intellij.cidr.workspaceModel has accessibility problem which is currently ignored: it has no namespace specified and depends on module 'intellij.cidr.util' which is registered in 'com.intellij.cidr.base' plugin with internal visibility in unspecified namespace
2026-09-17 16:16:46,916 [    263]   WARN - #c.i.i.p.PluginManager - intellij.cidr.execution has accessibility problem which is currently ignored: it has no namespace specified and depends on module 'intellij.cidr.core' which is registered in 'com.intellij.cidr.debugger' plugin with internal visibility in namespace 'jetbrains'
2026-09-17 16:16:46,916 [    263]   WARN - #c.i.i.p.PluginManager - intellij.cidr.execution has accessibility problem which is currently ignored: it has no namespace specified and depends on module 'intellij.cidr.util' which is registered in 'com.intellij.cidr.base' plugin with internal visibility in unspecified namespace
2026-09-17 16:16:46,916 [    263]   WARN - #c.i.i.p.PluginManager - intellij.cidr.execution has accessibility problem which is currently ignored: it has no namespace specified and depends on module 'intellij.cidr.util.ui' which is registered in 'com.intellij.cidr.base' plugin with internal visibility in unspecified namespace
2026-09-17 16:16:46,916 [    263]   WARN - #c.i.i.p.PluginManager - intellij.c.core has accessibility problem which is currently ignored: it is from namespace 'jetbrains' and depends on module 'intellij.cidr.util' which is registered in 'com.intellij.cidr.base' plugin with internal visibility in unspecified namespace
2026-09-17 16:16:46,916 [    263]   WARN - #c.i.i.p.PluginManager - intellij.c.core has accessibility problem which is currently ignored: it is from namespace 'jetbrains' and depends on module 'intellij.cidr.util.serializer' which is registered in 'com.intellij.cidr.base' plugin with internal visibility in unspecified namespace
2026-09-17 16:16:46,917 [    264]   WARN - #c.i.i.p.PluginManager - intellij.c.testing has accessibility problem which is currently ignored: it is from namespace 'jetbrains' and depends on module 'intellij.cidr.util.serializer' which is registered in 'com.intellij.cidr.base' plugin with internal visibility in unspecified namespace
2026-09-17 16:16:46,917 [    264]   WARN - #c.i.i.p.PluginManager - intellij.cidr.clangd.core has accessibility problem which is currently ignored: it is from namespace 'jetbrains' and depends on module 'intellij.cidr.util' which is registered in 'com.intellij.cidr.base' plugin with internal visibility in unspecified namespace
2026-09-17 16:16:46,917 [    264]   WARN - #c.i.i.p.PluginManager - intellij.cidr.clangd.core has accessibility problem which is currently ignored: it is from namespace 'jetbrains' and depends on module 'intellij.cidr.util.serializer' which is registered in 'com.intellij.cidr.base' plugin with internal visibility in unspecified namespace
2026-09-17 16:16:46,917 [    264]   WARN - #c.i.i.p.PluginManager - intellij.cidr.clangFormat.common has accessibility problem which is currently ignored: it has no namespace specified and depends on module 'intellij.cidr.clangd.core' which is registered in 'com.intellij.cidr.lang.clangd' plugin with internal visibility in namespace 'jetbrains'
2026-09-17 16:16:46,917 [    264]   WARN - #c.i.i.p.PluginManager - intellij.cidr.clangFormat.common has accessibility problem which is currently ignored: it has no namespace specified and depends on module 'intellij.cidr.util' which is registered in 'com.intellij.cidr.base' plugin with internal visibility in unspecified namespace
2026-09-17 16:16:46,917 [    264]   WARN - #c.i.i.p.PluginManager - intellij.cidr.clangFormat.common has accessibility problem which is currently ignored: it has no namespace specified and depends on module 'intellij.platform.core.impl' which is registered in 'com.intellij' plugin with internal visibility in namespace 'jetbrains'
2026-09-17 16:16:46,917 [    264]   WARN - #c.i.i.p.PluginManager - intellij.cidr.clangFormat.schema has accessibility problem which is currently ignored: it has no namespace specified and depends on module 'intellij.cidr.clangFormat.common' which is registered in 'com.intellij.cidr.base' plugin with internal visibility in unspecified namespace
2026-09-17 16:16:46,917 [    264]   WARN - #c.i.i.p.PluginManager - intellij.cidr.clangd.clangFormat has accessibility problem which is currently ignored: it is from namespace 'jetbrains' and depends on module 'intellij.cidr.clangFormat.common' which is registered in 'com.intellij.cidr.base' plugin with internal visibility in unspecified namespace
2026-09-17 16:16:46,918 [    265]   WARN - #c.i.i.p.PluginManager - intellij.cidr.clangd.legacyBridge has accessibility problem which is currently ignored: it is from namespace 'jetbrains' and depends on module 'intellij.cidr.util' which is registered in 'com.intellij.cidr.base' plugin with internal visibility in unspecified namespace
2026-09-17 16:16:46,918 [    265]   WARN - #c.i.i.p.PluginManager - org.jetbrains.android has accessibility problem which is currently ignored: it has no namespace specified and depends on module 'intellij.libraries.grpc.netty.shaded' which is registered in 'com.intellij' plugin with internal visibility in namespace 'jetbrains'
2026-09-17 16:16:46,918 [    265]   WARN - #c.i.i.p.PluginManager - org.jetbrains.android has accessibility problem which is currently ignored: it has no namespace specified and depends on module 'intellij.settingsSync.core' which is registered in 'com.intellij' plugin with internal visibility in namespace 'jetbrains'
2026-09-17 16:16:46,918 [    265]   WARN - #c.i.i.p.PluginManager - org.jetbrains.android has accessibility problem which is currently ignored: it depends on module 'intellij.java.debugger.impl.backend' which private visibility in 'com.intellij.java' plugin
2026-09-17 16:16:46,918 [    265]   WARN - #c.i.i.p.PluginManager - org.jetbrains.android has accessibility problem which is currently ignored: it has no namespace specified and depends on module 'intellij.platform.debugger.impl.frontend' which is registered in 'com.intellij' plugin with internal visibility in namespace 'jetbrains'
2026-09-17 16:16:46,918 [    265]   WARN - #c.i.i.p.PluginManager - org.jetbrains.android has accessibility problem which is currently ignored: it has no namespace specified and depends on module 'intellij.platform.diagnostic.freezeAnalyzer' which is registered in 'com.intellij' plugin with internal visibility in namespace 'jetbrains'
2026-09-17 16:16:46,919 [    266]   WARN - #c.i.i.p.PluginManager - org.jetbrains.android has accessibility problem which is currently ignored: it depends on module 'intellij.java.debugger.impl.frontend' which private visibility in 'com.intellij.java' plugin
2026-09-17 16:16:46,919 [    266]   WARN - #c.i.i.p.PluginManager - org.jetbrains.android has accessibility problem which is currently ignored: it depends on module 'intellij.platform.images.xdebugger' which private visibility in 'com.intellij.platform.images' plugin
2026-09-17 16:16:46,919 [    266]   WARN - #c.i.i.p.PluginManager - org.jetbrains.android has accessibility problem which is currently ignored: it has no namespace specified and depends on module 'intellij.platform.debugger.impl.backend' which is registered in 'com.intellij' plugin with internal visibility in namespace 'jetbrains'
2026-09-17 16:16:46,919 [    266]   WARN - #c.i.i.p.PluginManager - androidx.compose.plugins.idea has accessibility problem which is currently ignored: it depends on module 'intellij.compose.ide.plugin.gradleTooling.rt' which private visibility in 'com.intellij.compose' plugin
2026-09-17 16:16:46,919 [    266]   WARN - #c.i.i.p.PluginManager - androidx.compose.plugins.idea has accessibility problem which is currently ignored: it depends on module 'intellij.compose.ide.plugin.shared' which private visibility in 'com.intellij.compose' plugin
2026-09-17 16:16:46,919 [    266]   WARN - #c.i.i.p.PluginManager - com.android.tools.ndk has accessibility problem which is currently ignored: it has no namespace specified and depends on module 'intellij.c.debugger' which is registered in 'com.intellij.cidr.lang' plugin with internal visibility in namespace 'jetbrains'
2026-09-17 16:16:46,919 [    266]   WARN - #c.i.i.p.PluginManager - com.android.tools.ndk has accessibility problem which is currently ignored: it has no namespace specified and depends on module 'intellij.cidr.clangd.core' which is registered in 'com.intellij.cidr.lang.clangd' plugin with internal visibility in namespace 'jetbrains'
2026-09-17 16:16:46,920 [    267]   WARN - #c.i.i.p.PluginManager - com.google.services.firebase has accessibility problem which is currently ignored: it has no namespace specified and depends on module 'intellij.libraries.grpc.netty.shaded' which is registered in 'com.intellij' plugin with internal visibility in namespace 'jetbrains'
2026-09-17 16:16:46,920 [    267]   WARN - #c.i.i.p.PluginManager - com.google.tools.ij.aiplugin has accessibility problem which is currently ignored: it has no namespace specified and depends on module 'intellij.libraries.grpc.netty.shaded' which is registered in 'com.intellij' plugin with internal visibility in namespace 'jetbrains'
2026-09-17 16:16:46,920 [    267]   WARN - #c.i.i.p.PluginManager - com.google.gct.directaccess has accessibility problem which is currently ignored: it has no namespace specified and depends on module 'intellij.libraries.grpc.netty.shaded' which is registered in 'com.intellij' plugin with internal visibility in namespace 'jetbrains'
2026-09-17 16:16:46,920 [    267]   INFO - #c.i.i.p.PluginManager - Plugin set resolution:
Module intellij.sh.python is not enabled because dependency com.intellij.modules.python is not available
Module intellij.xml.langInjection.xpath is not enabled because dependency XPathView is not available
Module intellij.compose.ide.plugin.k1 is not enabled because dependency com.intellij.modules.kotlin.k1 is not available
Module intellij.kotlin.maven is not enabled because dependency org.jetbrains.idea.maven is not available
Module intellij.kotlin.compilerPlugins.support.maven is not enabled because dependency intellij.kotlin.maven is not available
Module intellij.kotlin.compilerPlugins.assignment.maven is not enabled because dependency intellij.kotlin.maven is not available
Module intellij.kotlin.compilerPlugins.lombok.maven is not enabled because dependency intellij.kotlin.maven is not available
Module intellij.kotlin.compilerPlugins.dataframe.maven is not enabled because dependency intellij.kotlin.maven is not available
Module intellij.kotlin.compilerPlugins.serialization.maven is not enabled because dependency intellij.kotlin.maven is not available
Module intellij.kotlin.compilerPlugins.samWithReceiver.maven is not enabled because dependency intellij.kotlin.maven is not available
Module intellij.kotlin.compilerPlugins.noarg.maven is not enabled because dependency intellij.kotlin.maven is not available
Module intellij.kotlin.compilerPlugins.allopen.maven is not enabled because dependency intellij.kotlin.maven is not available
Module intellij.kotlin.onboarding.maven is not enabled because dependency intellij.kotlin.maven is not available
Module intellij.java.promo is not enabled because dependency com.intellij.modules.idea.community is not available
Module intellij.java.featuresTrainer is not enabled because dependency training is not available
Module intellij.java.ide.customization.training is not enabled because dependency intellij.java.featuresTrainer is not available
Module intellij.kotlin.featuresTrainer is not enabled because dependency intellij.java.featuresTrainer is not available
Module intellij.groovy.byteCodeViewer is not enabled because dependency ByteCodeViewer is not available
Module intellij.groovy.ant is not enabled because dependency AntSupport is not available
Module intellij.kotlin.projectWizard.maven is not enabled because dependency org.jetbrains.idea.maven is not available
Module intellij.gradle.java.performance is not enabled because dependency org.jetbrains.idea.maven is not available
2026-09-17 16:16:46,937 [    284]   INFO - #c.i.p.i.b.AppStarter - Loaded bundled plugins: IDEA CORE (261.26222.65), C/C++ Language Support via Classic Engine (261.26222.65.2614.16204760), CIDR Base (261.26222.65.2614.16204760), DevKit Runtime (261.26222.65.2614.16204760), YAML (261.26222.65.2614.16204760), TextMate Bundles (261.26222.65.2614.16204760), Properties (261.26222.65.2614.16204760), JSON (261.26222.65.2614.16204760), Performance Testing (261.26222.65.2614.16204760), Java (261.26222.65.2614.16204760), Terminal (261.26222.65.2614.16204760), Gradle (261.26222.65.2614.16204760), Shell Script (261.26222.65.2614.16204760), CIDR Debugger (261.26222.65.2614.16204760), Markdown (261.26222.65.2614.16204760), Toml (261.26222.65.2614.16204760), Natural Languages (261.26222.65.2614.16204760), Git (261.26222.65.2614.16204760), Copyright (261.26222.65.2614.16204760), Mercurial (261.26222.65.2614.16204760), Modal Commit Interface (261.26222.65.2614.16204760), Configuration Script (261.26222.65.2614.16204760), Machine Learning Code Completion (261.26222.65.2614.16204760), EditorConfig (261.26222.65.2614.16204760), Groovy Live Templates (261.26222.65.2614.16204760), Visual Studio Keymap (261.26222.65.2614.16204760), NetBeans Keymap (261.26222.65.2614.16204760), WebP Support (261.26222.65.2614.16204760), Eclipse Keymap (261.26222.65.2614.16204760), GitHub (261.26222.65.2614.16204760), GitLab (261.26222.65.2614.16204760), Images (261.26222.65.2614.16204760), Java Stream Debugger (261.26222.65.2614.16204760), Compose Multiplatform (261.26222.65.2614.16204760), Kotlin (261.26222.65.2614.16204760-AS), Java IDE Customization (261.26222.65.2614.16204760), Smali Support (261.26222.65.2614.16204760), Java Internationalization (261.26222.65.2614.16204760), TestNG (261.26222.65.2614.16204760), JUnit (261.26222.65.2614.16204760), Groovy (261.26222.65.2614.16204760), Code Coverage for Java (261.26222.65.2614.16204760), Java Bytecode Decompiler (261.26222.65.2614.16204760), Gradle for Java (261.26222.65.2614.16204760), Clangd Support (261.26222.65.2614.16204760), HTML Tools (261.26222.65.2614.16204760), Task Management (261.26222.65.2614.16204760), Artifacts Repository Search (261.26222.65.2614.16204760), Gradle Declarative Support (261.26222.65.2614.16204760), Gradle DSL Parser Support (261.26222.65.2614.16204760), Android (261.26222.65.2614.16204760), Jetpack Compose (261.26222.65.2614.16204760), App Links Assistant (261.26222.65.2614.16204760), Android APK Support (261.26222.65.2614.16204760), Android Design Tools (261.26222.65.2614.16204760), Lightbuild (261.26222.65.2614.16204760), Android NDK Support (261.26222.65.2614.16204760), Test Recorder (261.26222.65.2614.16204760), Firebase Services (261.26222.65.2614.16204760), Gemini (261.26222.65.2614.16204760), App Links Assistant AI (261.26222.65.2614.16204760), Lightbuild AI Plugin (261.26222.65.2614.16204760), Device Streaming (261.26222.65.2614.16204760), Android SDK Upgrade Assistant (261.26222.65.2614.16204760), GMD Code Completion (261.26222.65.2614.16204760), Git for App Insights (261.26222.65.2614.16204760)
2026-09-17 16:16:46,937 [    284]   INFO - #c.i.p.i.b.AppStarter - Loaded custom plugins: Notes (1.0.0)
2026-09-17 16:16:46,959 [    306]   WARN - #c.i.p.instanceContainer - InstanceNotOverridableException: Override failed for com.intellij.openapi.project.impl.ProjectStoreFactory: com.intellij.configurationScript.providers.ConfigurationScriptProjectStoreFactory attempts to override com.intellij.configurationStore.PlatformLangProjectStoreFactory, but the existing implementation is not overriddable (not declared as 'open=true')
2026-09-17 16:16:46,964 [    311]   WARN - #c.i.p.instanceContainer - InstanceNotOverridableException: Override failed for com.intellij.openapi.application.IdeUrlTrackingParametersProvider: com.intellij.openapi.application.IdeUrlTrackingParametersProvider attempts to override com.intellij.ide.customization.UtmIdeUrlTrackingParametersProvider, but the existing implementation is not overriddable (not declared as 'open=true')
2026-09-17 16:16:47,047 [    394]   INFO - #c.i.u.i.PageCacheUtils - File page caching params:
	DEFAULT_PAGE_SIZE: 10485760
	Direct memory to use, max: 2126512128
	FilePageCache: regular
	Regular FilePageCache: 629145600 bytes
	DirectByteBuffers pool: 104857600 bytes
2026-09-17 16:16:47,049 [    396]   INFO - #c.i.p.e.i.f.EelMultiRoutingFileSystemBackendInitializationService - Eel MultiRoutingFileSystem backend is initialized
2026-09-17 16:16:47,068 [    415]   INFO - #c.i.a.o.PathMacrosImpl - Loaded path macros: {}
2026-09-17 16:16:47,071 [    418]   INFO - #c.i.o.v.n.i.VfsData - Use SoftReference in VFS cache: true
2026-09-17 16:16:47,101 [    448]   INFO - #c.i.l.LocalizationStateServiceImpl - [i18n] Localization property from registry is null
2026-09-17 16:16:47,137 [    484]   INFO - c.i.o.u.r.overrides - Plugin org.jetbrains.android overrides the registry key debugger.preload.types.hierarchy declared by plugin com.intellij.java (intellij.java.debugger.impl.xml).
2026-09-17 16:16:47,137 [    484]   INFO - c.i.o.u.r.overrides - Plugin org.jetbrains.android overrides the registry key debugger.emulate.method.breakpoints declared by plugin com.intellij.java (intellij.java.debugger.impl.xml).
2026-09-17 16:16:47,137 [    484]   INFO - c.i.o.u.r.overrides - Plugin org.jetbrains.android (android-plugin-androidstudio.xml) overrides the registry key platform.feedback declared by plugin com.intellij.
2026-09-17 16:16:47,137 [    484]   INFO - c.i.o.u.r.overrides - Plugin org.jetbrains.android (project-system-gradle-plugin-androidstudio.xml) overrides the registry key unknown.sdk declared by plugin com.intellij.
2026-09-17 16:16:47,137 [    484]   INFO - c.i.o.u.r.overrides - Plugin org.jetbrains.android (project-system-gradle-plugin-androidstudio.xml) overrides the registry key unknown.sdk.auto declared by plugin com.intellij.
2026-09-17 16:16:47,138 [    485]   INFO - c.i.o.u.r.overrides - Plugin org.jetbrains.android (project-system-gradle-plugin-androidstudio.xml) overrides the registry key unknown.sdk.modal.jps declared by plugin com.intellij.
2026-09-17 16:16:47,138 [    485]   INFO - c.i.o.u.r.overrides - Plugin org.jetbrains.android (project-system-gradle-plugin-androidstudio.xml) overrides the registry key unknown.sdk.show.editor.actions declared by plugin com.intellij.
2026-09-17 16:16:47,138 [    485]   INFO - c.i.o.u.r.overrides - Plugin org.jetbrains.android (project-system-gradle-plugin-androidstudio.xml) overrides the registry key gradle.phased.sync.enabled declared by plugin com.intellij.gradle (intellij.gradle.xml).
2026-09-17 16:16:47,138 [    485]   INFO - c.i.o.u.r.overrides - Plugin org.jetbrains.android (project-system-gradle-plugin-androidstudio.xml) overrides the registry key gradle.daemon.jvm.criteria.new.project declared by plugin com.intellij.gradle (intellij.gradle.xml).
2026-09-17 16:16:47,138 [    485]   INFO - c.i.o.u.r.overrides - Plugin org.jetbrains.android (project-system-gradle-plugin-androidstudio.xml) overrides the registry key gradle.daemon.jvm.criteria.suggest.migration declared by plugin org.jetbrains.kotlin (kotlin.gradle.gradle-java.xml).
2026-09-17 16:16:47,164 [    511]   INFO - #c.i.o.u.r.RegistryManager - Registry values changed by user: i18n.locale = , ide.experimental.ui = true, idea.plugins.compatible.build = , switched.from.classic.to.islands = true
2026-09-17 16:16:47,165 [    512]   INFO - #c.i.o.v.n.p.PersistentFSLoader - VFS uses names enumerator over mmapped file
2026-09-17 16:16:47,166 [    513]   INFO - #c.i.o.v.n.p.PersistentFSLoader - VFS uses streamlined attributes storage (over mmapped file)
2026-09-17 16:16:47,167 [    514]   INFO - #c.i.o.v.n.p.PersistentFSLoader - VFS uses content storage over memory-mapped file, with compression algo: LZ4[ > 8000b ]
2026-09-17 16:16:47,167 [    514]   INFO - #c.i.o.v.n.p.PersistentFSLoader - VFS uses OverMMappedFile(pageSize=67108864, acquireStorageOwnership=true) storage for main file records table
2026-09-17 16:16:47,176 [    523]   INFO - #c.i.u.m.s.Menu - use new ScreenMenuBar implementation
2026-09-17 16:16:47,184 [    531]   INFO - #c.i.o.v.n.p.PersistentFSLoader - VFS: impl (expected) version=65, 16 file records, 0 content blobs
2026-09-17 16:16:47,190 [    537]   INFO - #c.i.o.v.n.p.FSRecordsImpl - VFS initialized: 26 ms, 0 failed attempts, 0 error(s) were recovered
2026-09-17 16:16:47,191 [    538]   WARN - #c.i.o.a.Application - No URL bundle (CFBundleURLTypes) is defined in the main bundle.
To be able to open external links, specify protocols in the app layout section of the build file.
Example: args.urlSchemes = ["your-protocol"] will handle following links: your-protocol://open?file=file&line=line
2026-09-17 16:16:47,191 [    538]   INFO - #c.i.o.v.n.p.FSRecordsImpl - VFS scanned: file-by-name index was populated
2026-09-17 16:16:47,195 [    542]   INFO - #c.i.i.p.ExpiredPluginsState - Plugins to skip: []
2026-09-17 16:16:47,203 [    550]   INFO - #c.i.o.u.LowMemoryWatcherManager - Use ExponentiallySmoothingTracker(90000 ms)
2026-09-17 16:16:47,207 [    554]   INFO - #c.i.o.u.LowMemoryWatcherManager - Subscribing to MemoryPool[G1 Old Gen]{max: 2147483648, threshold: 2040109440 (0.95 * max)}
2026-09-17 16:16:47,208 [    555]   INFO - #c.i.o.u.LowMemoryWatcherManager - Schedule GC-time updating: each 15000ms
2026-09-17 16:16:47,209 [    556]   INFO - #c.i.o.v.n.p.PersistentFSImpl - VFS.MAX_FILE_LENGTH_TO_CACHE: 1048576
2026-09-17 16:16:47,306 [    653]   INFO - #c.i.o.v.i.l.NativeFileWatcherImpl - Starting file watcher: /Applications/Android Studio.app/Contents/bin/fsnotifier
2026-09-17 16:16:47,316 [    663]   INFO - #c.i.p.k.b.BackendKernelServiceKt - Backend started Kernel
2026-09-17 16:16:47,325 [    672]   INFO - #c.i.o.v.i.l.NativeFileWatcherImpl - Native file watcher is operational.
2026-09-17 16:16:47,331 [    678]   INFO - #c.i.c.CompilerWorkspaceConfiguration - Available processors: 12
2026-09-17 16:16:47,342 [    689]   WARN - #c.i.p.instanceContainer - InstanceNotOverridableException: Override failed for com.intellij.openapi.roots.ui.configuration.ProjectSettingsService: com.android.tools.idea.gradle.structure.AndroidProjectSettingsServiceImpl attempts to override com.intellij.openapi.roots.ui.configuration.IdeaProjectSettingsService, but the existing implementation is not overriddable (not declared as 'open=true')
2026-09-17 16:16:47,382 [    729]   INFO - #com.android.studio.ml.onboarding.common.v2.StudioModelsOnboardingControllerImpl$Companion - StudioModelsOnboardingControllerImpl initialized
2026-09-17 16:16:47,477 [    824]   INFO - #c.i.u.i.c.d.IndexWriter - Use com.intellij.util.indexing.contentQueue.dev.MultiThreadedWithSuspendIndexWriter@4fe13e68 as (parallel) index writer implementation
2026-09-17 16:16:47,479 [    826]   INFO - #com.google.aiplugin.rag.doc.KbPrebuiltIndexerService$Companion - Opening prebuilt AKB index KbZip(DOWNLOADED, v=1, buildCl=886493695) /Users/snagar/notes-plugin/.intellijPlatform/sandbox/notes-plugin/AI-AI-261.26222.65.2614.16204760/system_runIde/caches/gemini/kb/dac.zip
2026-09-17 16:16:47,480 [    827]   INFO - #c.i.u.i.i.SlruIndexStorageCacheProvider - SLRU cache will be used for indexes
2026-09-17 16:16:47,480 [    827]   INFO - #c.i.u.i.i.MapIndexStorageCacheProvider$Companion - Default index storage cache provider [com.intellij.util.indexing.impl.SlruIndexStorageCacheProvider@131d08d6] is used
2026-09-17 16:16:47,481 [    828]   INFO - #c.i.u.i.FileBasedIndexImpl - Loading indexes
2026-09-17 16:16:47,487 [    834]   INFO - #c.i.u.i.PersistentDirtyFilesQueue - Dirty file ids read. Size: 3. Index: 3 Path: /Users/snagar/notes-plugin/.intellijPlatform/sandbox/notes-plugin/AI-AI-261.26222.65.2614.16204760/system_runIde/index/dirty-file-ids.
2026-09-17 16:16:47,539 [    886]   INFO - com.android.cliserver.CliServer - Server started, listening on localhost/127.0.0.1:52215
2026-09-17 16:16:47,547 [    894]   INFO - #c.i.o.v.n.p.FSRecords - VFS health-check enabled: first after 600000 ms, and each following 43200000 ms, wrap in RA: true
2026-09-17 16:16:47,554 [    901]   INFO - #c.i.u.n.s.CertificateManager - Default SSL context initialized
2026-09-17 16:16:47,649 [    996]   INFO - #o.j.i.BuiltInServerManager - built-in server started, port 63343
2026-09-17 16:16:47,663 [   1010]   INFO - #c.i.o.a.ActionManager - Re-registering action stub for CompileDirty as CompileDirty_renamedStub_879757524
2026-09-17 16:16:47,664 [   1011]   INFO - #c.i.o.a.ActionManager - Re-registering action stub for MakeModule as MakeModule_renamedStub_1302333355
2026-09-17 16:16:47,664 [   1011]   INFO - #c.i.o.a.ActionManager - Re-registering action stub for CompileProject as CompileProject_renamedStub_127566169
2026-09-17 16:16:47,664 [   1011]   INFO - #c.i.o.a.ActionManager - Re-registering action stub for Compile as Compile_renamedStub_2096712866
2026-09-17 16:16:47,664 [   1011]   INFO - #c.i.o.a.ActionManager - Re-registering action stub for Build as Build_renamedStub_1207873128
2026-09-17 16:16:47,665 [   1012]   INFO - #c.i.o.a.ActionManager - Re-registering action stub for CompileFile as CompileFile_renamedStub_857217350
2026-09-17 16:16:47,666 [   1013]   INFO - #com.google.aiplugin.rag.internal.RagIndexerProviderImpl - Selected RagIndexer: com.google.aiplugin.rag.bm25.CrawlerBm25Indexer$Companion@860ceec
2026-09-17 16:16:47,688 [   1035]   INFO - #c.i.o.u.r.RegistryValue - Registry value 'gradle.phased.sync.enabled' has changed to 'false' by SYSTEM
2026-09-17 16:16:47,691 [   1038]   INFO - #c.i.o.u.r.RegistryValue - Registry value 'gradle.phased.sync.bridge.disabled' has changed to 'false' by SYSTEM
2026-09-17 16:16:47,701 [   1048]   INFO - #com.android.studio.ml.onboarding.common.v2.StudioModelsOnboardingControllerImpl$Companion - Auth state changed: AuthState.LoggedOut(isAuthorized=false)
2026-09-17 16:16:47,702 [   1049]   INFO - #c.i.c.m.CodeInsightContextEnabling - multiverse is enabled
2026-09-17 16:16:47,703 [   1050]   INFO - #c.i.i.s.e.StatisticsEventLoggerProvider - Initialize event logger provider for 'MP'
2026-09-17 16:16:47,706 [   1053]   INFO - #c.i.i.s.e.StatisticsEventLoggerProvider - Initialize event logger provider for 'TRACE'
2026-09-17 16:16:47,708 [   1055]   INFO - #c.i.i.s.e.StatisticsEventLoggerProvider - Initialize event logger provider for 'ML'
2026-09-17 16:16:47,710 [   1057]   INFO - #c.i.i.s.e.StatisticsEventLoggerProvider - Initialize event logger provider for 'FUS'
2026-09-17 16:16:47,711 [   1058]   INFO - #c.i.i.s.e.StatisticsEventLoggerProvider - Initialize event logger provider for 'FUS'
2026-09-17 16:16:47,711 [   1058]   INFO - #o.j.k.i.script - [KOTLIN_SCRIPTING] Loading script definitions: classes=[], classpath=[]
2026-09-17 16:16:47,724 [   1071]   INFO - #c.i.o.u.i.UpdateCheckerService - channel: release
2026-09-17 16:16:47,725 [   1072]   INFO - #c.i.o.u.i.UpdateCheckerService - channel set to 'release' by com.android.tools.idea.AndroidStudioUpdateStrategyCustomization
2026-09-17 16:16:47,729 [   1076]   INFO - #c.i.p.j.JdkEx - === TabbingMode: available ===
2026-09-17 16:16:47,730 [   1077]   INFO - #c.i.u.m.MergeAllWindowsAction - === FullScreenTabSupport: frames: 0 ===
2026-09-17 16:16:47,730 [   1077]   INFO - #c.i.l.LocalizationStateServiceImpl - [i18n] Localization property from registry is null
2026-09-17 16:16:47,755 [   1102]   INFO - #o.j.k.i.script - [KOTLIN_SCRIPTING] processing definitions provider com.android.tools.idea.script.IdeScriptDefinitionProvider
2026-09-17 16:16:47,756 [   1103]   INFO - c.i.p.i.IdeFingerprint - Calculated dependencies fingerprint in 735 ms (hash=324denhmbhy56, buildTime=1787925900, appVersion=AI-261.26222.65.2614.16204760)
2026-09-17 16:16:47,756 [   1103]   INFO - #c.i.u.m.t.TouchbarSupport - touchbar disabled: registry
2026-09-17 16:16:47,760 [   1107]   INFO - #com.android.tools.idea.tracer.StudioTracingController$Companion - Tracing Driver initialized and disabled.
2026-09-17 16:16:47,762 [   1109]   INFO - #c.i.f.n.TrigramIndexFilter - Filter exclude extensions is enabled: CustomizableExcludeExtensions([com.intellij.java.JavaLibrarySourcesExcludingIndexFilterExtension@262223d5])
2026-09-17 16:16:47,784 [   1131]   WARN - com.google.aiplugin.lucene.internal.vectorization.VectorizationProvider - Java vector incubator module is not readable. For optimal vector performance, pass '--add-modules jdk.incubator.vector' to enable Vector API.
2026-09-17 16:16:47,859 [   1206]   INFO - #c.i.u.i.FileBasedIndexImpl - Indices to be built:FilenameIndex(v = 258)
2026-09-17 16:16:47,859 [   1206]   INFO - #c.i.u.i.FileBasedIndexImpl - Using simple flusher for indexes
2026-09-17 16:16:47,863 [   1210]   INFO - #c.i.u.i.IndexDataInitializer - Index data initialization done: 378 ms. Initialized indexes: [FilenameIndex, filetypes, SchemaTypeInheritance, html5.custom.attributes.index, Trigram.Index, XmlNamespaces, XmlTagNames, RelaxSymbolIndex, DomFileIndex, java.auto.module.name, xmlProperties, json.file.root.values, editorconfig.index.name, java.source.module.name, java.null.method.argument, java.fun.expression, IdIndex, TodoIndex, FrameworkDetectionIndex, fileIncludes, java.binary.plus.expression, org.jetbrains.kotlin.idea.versions.KotlinJvmMetadataVersionIndex, bytecodeAnalysis, org.jetbrains.kotlin.idea.vfilefinder.KotlinJavaScriptMetaFileIndex, org.jetbrains.kotlin.idea.vfilefinder.KotlinClassFileIndex, org.jetbrains.kotlin.idea.versions.KotlinJsMetadataVersionIndex, org.jetbrains.kotlin.idea.vfilefinder.KotlinMetadataFileIndex, org.jetbrains.kotlin.idea.vfilefinder.KotlinPartialPackageNamesIndex, org.jetbrains.kotlin.idea.vfilefinder.KotlinMetadataFilePackageIndex, org.jetbrains.kotlin.idea.vfilefinder.KotlinModuleMappingIndex, KotlinPackageSourcesMemberNamesIndex, KotlinTopLevelClassLikeDeclarationByPackageShortNameIndex, org.jetbrains.kotlin.idea.vfilefinder.KotlinBuiltInsMetadataIndex, org.jetbrains.kotlin.idea.vfilefinder.KotlinJvmModuleAnnotationsIndex, HtmlTagIdIndex, org.jetbrains.kotlin.idea.vfilefinder.KotlinStdlibIndex, FileNameWithoutExtensionIndex, org.jetbrains.kotlin.idea.vfilefinder.KlibMetaFileIndex, KotlinTopLevelCallableByPackageShortNameIndex, BindingXmlIndex, KotlinBinaryRootToPackageIndex, clang.format.lightIndex, NavXmlIndex, com.google.aiplugin.rag.crawler, com.android.tools.idea.model.AndroidManifestIndex.NAME, android.ndk.jni.nativemethodindex, com.google.aiplugin.rag.bm25.lucindex, com.android.tools.idea.dagger.index.DaggerIndex, Stubs].
2026-09-17 16:16:47,892 [   1239]   INFO - #c.i.o.a.i.NonBlockingReadActionImpl - OTel monitoring for NonBlockingReadAction is enabled
2026-09-17 16:16:47,901 [   1248]   INFO - #o.j.a.s.AndroidSdkUtils - Found Studio home directory at: '/Applications/Android Studio.app/Contents'
2026-09-17 16:16:47,901 [   1248]   INFO - #o.j.a.s.AndroidSdkUtils - Looking for Android SDK at '/Applications/Android Studio.app/Contents/sdk'
2026-09-17 16:16:47,901 [   1248]   INFO - #o.j.a.s.AndroidSdkUtils - Looking for Android SDK at '/Applications/Android Studio.app/sdk'
2026-09-17 16:16:47,901 [   1248]   INFO - #o.j.a.s.AndroidSdkUtils - Unable to locate SDK within the Android studio installation.
2026-09-17 16:16:47,901 [   1248]   INFO - #o.j.a.s.AndroidSdkUtils - Examined and not found a valid Android SDK path: ANDROID_HOME environment variable
2026-09-17 16:16:47,901 [   1248]   INFO - #o.j.a.s.AndroidSdkUtils - Examined and not found a valid Android SDK path: ANDROID_SDK_ROOT environment variable
2026-09-17 16:16:47,901 [   1248]   INFO - #o.j.a.s.AndroidSdkUtils - Using default SDK path: /Users/snagar/Library/Android/sdk
2026-09-17 16:16:47,920 [   1267]   INFO - #c.i.u.i.IndexDataInitializer - Index data initialization done: 57 ms. Initialized stub indexes: {org.jetbrains.kotlin.idea.stubindex.KotlinFunctionShortNameIndex, org.jetbrains.kotlin.idea.stubindex.KotlinSuperClassIndex, org.jetbrains.kotlin.idea.stubindex.KotlinTopLevelPropertyFqnNameIndex, org.jetbrains.kotlin.idea.stubindex.KotlinSubclassObjectNameIndex, KotlinTopLevelFunctionByPackageIndex, java.record.component.name, org.jetbrains.kotlin.idea.stubindex.KotlinInnerTypeAliasClassIdIndex, java.method.parameter.types, gr.class.super, java.unnamed.class, org.jetbrains.kotlin.idea.stubindex.KotlinMultifileClassPartIndex, org.jetbrains.kotlin.idea.stubindex.KotlinFilePartClassIndex, dom.namespaceKey, org.jetbrains.kotlin.idea.stubindex.KotlinFileFacadeFqNameIndex, org.jetbrains.kotlin.idea.stubindex.KotlinFileFacadeShortNameIndex, KotlinExtensionsInObjectsByReceiverTypeIndex, KotlinProbablyNothingPropertyShortNameIndex, org.jetbrains.kotlin.idea.stubindex.KotlinPropertyShortNameIndex, markdown.header, gr.field.name, gr.class.fqn.s, java.class.extlist, jvm.static.member.name, java.class.shortname, gr.anonymous.class, java.field.name, KotlinTopLevelExtensionsByReceiverTypeIndex, dom.elementClass, org.jetbrains.kotlin.idea.stubindex.KotlinTopLevelClassByPackageIndex, org.jetbrains.kotlin.idea.stubindex.KotlinTopLevelFunctionFqnNameIndex, java.class.fqn, KotlinProbablyInjectedFunctionShortNameIndex, gr.script.class, java.method.name, org.jetbrains.kotlin.idea.stubindex.KotlinFullClassNameIndex, org.jetbrains.kotlin.idea.stubindex.KotlinExactPackagesIndex, KotlinTypeAliasByExpansionShortNameIndex, KotlinFileFacadeClassByPackageIndex, gr.annot.method.name, KotlinProbablyContractedFunctionShortNameIndex, jvm.static.member.type, java.annotations, gr.method.name, org.jetbrains.kotlin.idea.stubindex.KotlinClassShortNameIndex, KotlinTopLevelExpectPropertyFqNameIndex, properties.index, kotlin.primeIndexKey, KotlinTopLevelTypeAliasByPackageIndex, org.jetbrains.kotlin.idea.stubindex.KotlinAnnotationsIndex, KotlinOverridableInternalMembersShortNameIndex, KotlinTopLevelPropertyByPackageIndex, markdown.header.anchor, KotlinProbablyNothingFunctionShortNameIndex, org.jetbrains.kotlin.idea.stubindex.KotlinTopLevelTypeAliasFqNameIndex, gr.script.fqn.s, org.jetbrains.kotlin.idea.stubindex.KotlinJvmNameAnnotationIndex, KotlinTopLevelExpectFunctionFqNameIndex, gr.annot.members, java.anonymous.baseref, org.jetbrains.kotlin.idea.stubindex.KotlinTypeAliasShortNameIndex, java.module.name, org.jetbrains.kotlin.idea.stubindex.KotlinScriptFqnIndex}.
2026-09-17 16:16:48,018 [   1365]   INFO - #com.android.tools.idea.progress.RawProgressReporterAdapter - Downloading https://dl.google.com/android/repository/addons_list-7.xml
2026-09-17 16:16:48,020 [   1367]   INFO - #c.i.u.i.HttpRequests - Application is not initialized yet; Using default SSL configuration to connect to https://dl.google.com/android/repository/addons_list-7.xml
2026-09-17 16:16:48,302 [   1649]   INFO - #com.android.tools.idea.progress.RawProgressReporterAdapter - Downloading https://dl.google.com/android/repository/sys-img/android-automotive/sys-img2-5.xml
2026-09-17 16:16:48,302 [   1649]   INFO - #com.android.tools.idea.progress.RawProgressReporterAdapter - Downloading https://dl.google.com/android/repository/sys-img/android-wear/sys-img2-5.xml
2026-09-17 16:16:48,302 [   1649]   INFO - #com.android.tools.idea.progress.RawProgressReporterAdapter - Downloading https://dl.google.com/android/repository/repository2-4.xml
2026-09-17 16:16:48,302 [   1649]   INFO - #com.android.tools.idea.progress.RawProgressReporterAdapter - Downloading https://dl.google.com/android/repository/sys-img/android-wear-cn/sys-img2-5.xml
2026-09-17 16:16:48,302 [   1649]   INFO - #com.android.tools.idea.progress.RawProgressReporterAdapter - Downloading https://dl.google.com/android/repository/repository2-3.xml
2026-09-17 16:16:48,302 [   1649]   INFO - #com.android.tools.idea.progress.RawProgressReporterAdapter - Downloading https://dl.google.com/android/repository/sys-img/android-automotive-distantdisplay/sys-img2-5.xml
2026-09-17 16:16:48,302 [   1649]   INFO - #com.android.tools.idea.progress.RawProgressReporterAdapter - Downloading https://dl.google.com/android/repository/sys-img/android/sys-img2-5.xml
2026-09-17 16:16:48,302 [   1649]   INFO - #c.i.u.i.HttpRequests - Application is not initialized yet; Using default SSL configuration to connect to https://dl.google.com/android/repository/repository2-4.xml
2026-09-17 16:16:48,302 [   1649]   INFO - #c.i.u.i.HttpRequests - Application is not initialized yet; Using default SSL configuration to connect to https://dl.google.com/android/repository/sys-img/android-wear-cn/sys-img2-5.xml
2026-09-17 16:16:48,302 [   1649]   INFO - #com.android.tools.idea.progress.RawProgressReporterAdapter - Downloading https://dl.google.com/android/repository/sys-img/android-desktop/sys-img2-5.xml
2026-09-17 16:16:48,302 [   1649]   INFO - #c.i.u.i.HttpRequests - Application is not initialized yet; Using default SSL configuration to connect to https://dl.google.com/android/repository/sys-img/android-automotive-distantdisplay/sys-img2-5.xml
2026-09-17 16:16:48,302 [   1649]   INFO - #com.android.tools.idea.progress.RawProgressReporterAdapter - Downloading https://dl.google.com/android/repository/sys-img/aosp_atd/sys-img2-5.xml
2026-09-17 16:16:48,302 [   1649]   INFO - #c.i.u.i.HttpRequests - Application is not initialized yet; Using default SSL configuration to connect to https://dl.google.com/android/repository/sys-img/android-wear/sys-img2-5.xml
2026-09-17 16:16:48,302 [   1649]   INFO - #c.i.u.i.HttpRequests - Application is not initialized yet; Using default SSL configuration to connect to https://dl.google.com/android/repository/sys-img/android-desktop/sys-img2-5.xml
2026-09-17 16:16:48,302 [   1649]   INFO - #c.i.u.i.HttpRequests - Application is not initialized yet; Using default SSL configuration to connect to https://dl.google.com/android/repository/sys-img/aosp_atd/sys-img2-5.xml
2026-09-17 16:16:48,302 [   1649]   INFO - #c.i.u.i.HttpRequests - Application is not initialized yet; Using default SSL configuration to connect to https://dl.google.com/android/repository/sys-img/android-automotive/sys-img2-5.xml
2026-09-17 16:16:48,303 [   1650]   INFO - #c.i.u.i.HttpRequests - Application is not initialized yet; Using default SSL configuration to connect to https://dl.google.com/android/repository/sys-img/android/sys-img2-5.xml
2026-09-17 16:16:48,303 [   1650]   INFO - #c.i.u.i.HttpRequests - Application is not initialized yet; Using default SSL configuration to connect to https://dl.google.com/android/repository/repository2-3.xml
2026-09-17 16:16:48,303 [   1650]   INFO - #com.android.tools.idea.progress.RawProgressReporterAdapter - Downloading https://dl.google.com/android/repository/sys-img/android-tv/sys-img2-5.xml
2026-09-17 16:16:48,303 [   1650]   INFO - #c.i.u.i.HttpRequests - Application is not initialized yet; Using default SSL configuration to connect to https://dl.google.com/android/repository/sys-img/android-tv/sys-img2-5.xml
2026-09-17 16:16:48,303 [   1650]   INFO - #com.android.tools.idea.progress.RawProgressReporterAdapter - Downloading https://dl.google.com/android/repository/sys-img/google-tv/sys-img2-5.xml
2026-09-17 16:16:48,303 [   1650]   INFO - #com.android.tools.idea.progress.RawProgressReporterAdapter - Downloading https://dl.google.com/android/repository/sys-img/google_atd/sys-img2-5.xml
2026-09-17 16:16:48,303 [   1650]   INFO - #c.i.u.i.HttpRequests - Application is not initialized yet; Using default SSL configuration to connect to https://dl.google.com/android/repository/sys-img/google_atd/sys-img2-5.xml
2026-09-17 16:16:48,303 [   1650]   INFO - #c.i.u.i.HttpRequests - Application is not initialized yet; Using default SSL configuration to connect to https://dl.google.com/android/repository/sys-img/google-tv/sys-img2-5.xml
2026-09-17 16:16:48,303 [   1650]   INFO - #com.android.tools.idea.progress.RawProgressReporterAdapter - Downloading https://dl.google.com/android/repository/sys-img/google_apis_playstore/sys-img2-5.xml
2026-09-17 16:16:48,303 [   1650]   INFO - #com.android.tools.idea.progress.RawProgressReporterAdapter - Downloading https://dl.google.com/android/repository/sys-img/google_apis/sys-img2-5.xml
2026-09-17 16:16:48,303 [   1650]   INFO - #c.i.u.i.HttpRequests - Application is not initialized yet; Using default SSL configuration to connect to https://dl.google.com/android/repository/sys-img/google_apis_playstore/sys-img2-5.xml
2026-09-17 16:16:48,303 [   1650]   INFO - #c.i.u.i.HttpRequests - Application is not initialized yet; Using default SSL configuration to connect to https://dl.google.com/android/repository/sys-img/google_apis/sys-img2-5.xml
2026-09-17 16:16:48,303 [   1650]   INFO - #com.android.tools.idea.progress.RawProgressReporterAdapter - Downloading https://dl.google.com/android/repository/sys-img/google_apis_tablet/sys-img2-5.xml
2026-09-17 16:16:48,303 [   1650]   INFO - #c.i.u.i.HttpRequests - Application is not initialized yet; Using default SSL configuration to connect to https://dl.google.com/android/repository/sys-img/google_apis_tablet/sys-img2-5.xml
2026-09-17 16:16:48,303 [   1650]   INFO - #com.android.tools.idea.progress.RawProgressReporterAdapter - Downloading https://dl.google.com/android/repository/sys-img/aosp_tablet/sys-img2-5.xml
2026-09-17 16:16:48,303 [   1650]   INFO - #c.i.u.i.HttpRequests - Application is not initialized yet; Using default SSL configuration to connect to https://dl.google.com/android/repository/sys-img/aosp_tablet/sys-img2-5.xml
2026-09-17 16:16:48,303 [   1650]   INFO - #com.android.tools.idea.progress.RawProgressReporterAdapter - Downloading https://dl.google.com/android/repository/sys-img/google_playstore_tablet/sys-img2-5.xml
2026-09-17 16:16:48,304 [   1651]   INFO - #c.i.u.i.HttpRequests - Application is not initialized yet; Using default SSL configuration to connect to https://dl.google.com/android/repository/sys-img/google_playstore_tablet/sys-img2-5.xml
2026-09-17 16:16:48,304 [   1651]   INFO - #com.android.tools.idea.progress.RawProgressReporterAdapter - Downloading https://dl.google.com/android/repository/sys-img/google_xr/sys-img2-5.xml
2026-09-17 16:16:48,304 [   1651]   INFO - #c.i.u.i.HttpRequests - Application is not initialized yet; Using default SSL configuration to connect to https://dl.google.com/android/repository/sys-img/google_xr/sys-img2-5.xml
2026-09-17 16:16:48,304 [   1651]   INFO - #com.android.tools.idea.progress.RawProgressReporterAdapter - Downloading https://dl.google.com/android/repository/addon2-4.xml
2026-09-17 16:16:48,304 [   1651]   INFO - #c.i.u.i.HttpRequests - Application is not initialized yet; Using default SSL configuration to connect to https://dl.google.com/android/repository/addon2-4.xml
2026-09-17 16:16:48,304 [   1651]   INFO - #com.android.tools.idea.progress.RawProgressReporterAdapter - Downloading https://dl.google.com/android/repository/glass/addon2-4.xml
2026-09-17 16:16:48,304 [   1651]   INFO - #c.i.u.i.HttpRequests - Application is not initialized yet; Using default SSL configuration to connect to https://dl.google.com/android/repository/glass/addon2-4.xml
2026-09-17 16:16:49,191 [   2538]   WARN - com.android.sdklib.devices.DeviceManager - Unsupported device desktop_api37
2026-09-17 16:16:49,196 [   2543]   WARN - com.android.sdklib.devices.DeviceManager - Unsupported device ai_glasses_device
2026-09-17 16:16:49,196 [   2543]   WARN - com.android.sdklib.devices.DeviceManager - Unsupported device ai_glasses_displayless
2026-09-17 16:16:49,196 [   2543]   WARN - com.android.sdklib.devices.DeviceManager - Unsupported device xr_glasses_device
2026-09-17 16:17:53,160 [  66507]   INFO - #c.i.o.u.r.RegistryValue - Registry value 'i18n.locale' has changed to '' by SYSTEM
2026-09-17 16:17:53,192 [  66539]   INFO - #c.i.i.p.m.MarketplaceRequests - Looking for the last compatible plugin updates for:
[]
send machine ID: true
2026-09-17 16:17:53,200 [  66547]   INFO - #c.i.a.o.PathMacrosImpl - Saved path macros: {}
2026-09-17 16:17:53,213 [  66560]   INFO - #c.i.i.s.EventLogApplicationLifecycleListener - Statistics. Don't start external uploader because there are no enabled logger providers
2026-09-17 16:17:53,213 [  66560]   INFO - #c.i.i.s.e.u.EventLogExternalUploader - Statistics. Don't start external uploader because sending logs is disabled for all recorders
2026-09-17 16:17:53,219 [  66566]   INFO - #c.i.o.f.i.FileTypeDetectionService - 0 auto-detected files. Detection took 0 ms
2026-09-17 16:17:53,222 [  66569]   INFO - #o.j.i.BuiltInServer - web server stopped
2026-09-17 16:17:53,223 [  66570]   INFO - #c.i.o.v.i.l.NativeFileWatcherImpl - Watcher terminated with exit code 0
2026-09-17 16:17:53,225 [  66572]   INFO - #c.i.d.JVMResponsivenessMonitor - Sampling thread interrupted -> stop sampling
2026-09-17 16:17:53,225 [  66572]   INFO - #c.i.d.JVMResponsivenessMonitor - Sampling thread exiting normally
2026-09-17 16:17:53,233 [  66580]   INFO - #c.i.u.i.FileBasedIndexImpl - Index dispose started
2026-09-17 16:17:53,234 [  66581]   INFO - #c.i.u.i.PersistentDirtyFilesQueue - Dirty file ids stored. Size: 6. Index: 6 Path: /Users/snagar/notes-plugin/.intellijPlatform/sandbox/notes-plugin/AI-AI-261.26222.65.2614.16204760/system_runIde/index/dirty-file-ids
2026-09-17 16:17:53,246 [  66593]   INFO - #c.i.p.s.StubIndexImpl - StubIndexExtension-s were unloaded
2026-09-17 16:17:53,246 [  66593]   INFO - #c.i.p.s.SerializationManagerImpl - Start shutting down /Users/snagar/notes-plugin/.intellijPlatform/sandbox/notes-plugin/AI-AI-261.26222.65.2614.16204760/system_runIde/index/rep.names
2026-09-17 16:17:53,246 [  66593]   INFO - #c.i.p.s.SerializationManagerImpl - Finished shutting down /Users/snagar/notes-plugin/.intellijPlatform/sandbox/notes-plugin/AI-AI-261.26222.65.2614.16204760/system_runIde/index/rep.names
2026-09-17 16:17:53,246 [  66593]   INFO - #c.i.u.i.FileBasedIndexImpl - Index dispose completed in 13ms.
2026-09-17 16:17:53,251 [  66598]   INFO - #c.i.o.v.n.p.PersistentFSImpl - VFS dispose started
2026-09-17 16:17:53,251 [  66598]   INFO - #c.i.o.v.n.p.FSRecordsImpl - VFS closing
2026-09-17 16:17:53,251 [  66598]   INFO - #c.i.o.v.n.p.PersistentFSImpl - VFS dispose completed in 0 ms.
2026-09-17 16:17:53,265 [  66612]   INFO - #c.i.p.i.b.AppStarter - ------------------------------------------------------ IDE SHUTDOWN ------------------------------------------------------
